idx,Date,원달러환율,엔원환율,미국대출금리,한국대출금리,lag12한국대출금리,소비자물가지수,제조업,음식료품,섬유의복,종이목재,화학,의약품,비금속광물,철강금속,기계,전기전자,의료정밀,운수장비,유통업,전기가스업,건설업,운수창고업,통신업,금융업,은행,증권,보험,서비스업,1인당.국내총생산.명목..원화..만원.,1인당.국민총소득.명목..원화..만원.,코스피지수평균,lag6코스피지수평균,코스닥지수평균,재산세.부과액,전년대비.재산세부과액.증가율,코스피대비집값,서울코스피대비집값,국내총생산대비집값,국민총소득대비집값,한국대출금리대비집값,diff국민총소득,diff소비자물가지수,diff코스피지수평균,diff원달러환율,diff한국대출금리,전국,서울특별시,부산광역시,대구광역시,인천광역시,광주광역시,대전광역시,울산광역시,경기도,강원도,충청북도,충청남도,전라북도,전라남도,경상북도,경상남도,제주특별자치도,diff전국,diff코스피대비집값,diff국민총소득대비집값
1,2004-01-01,1173.7,1107.9,4,6.25,NA,75.027,1481.36,1301.41,87.67,181.95,1030.53,1181.26,850.49,1788.47,404.42,5205.42,393.51,564.59,224.08,604.6,63.13,972.18,335,263.87,191.01,1069.3,5300.97,355.96,1889.3,1886.1,845.53,NA,448.28,1068269521,NA,-0.343110622,-5.155343259,-5.92151417,-6.00307524,-890.408204,0,0.332,21.92,2.5,-0.16,62.7,61,59.2,60.9,66.4,57.9,74.9,51.1,66.2,64.2,59.2,73.3,56.3,61.9,63.5,60.2,53.4,0.2,-0.354519008,0.2
2,2004-02-01,1176.2,1076.3,4,6.09,NA,75.359,1534.92,1273.45,87.14,204.97,1116.18,1269.49,832.06,1963.28,439.56,5379.51,350.31,548.98,223.29,621.45,65.84,944.13,349.87,284.4,203.09,1121.27,5538.77,368.91,1889.3,1886.1,867.45,NA,439.05,1068269521,NA,-0.69762963,-5.288444235,-5.72151417,-5.80307524,-890.568204,0,0.732,8.13,-29.6,0.03,62.9,61.4,59.2,61,66.6,58.1,75.6,51.2,66.3,64.9,59.5,74.4,56.6,61.8,63.6,60.5,53.4,0.3,0.094332138,0.3
3,2004-03-01,1146.6,1101.3,4,6.12,NA,76.091,1566.62,1258.5,82.87,206.01,1110.9,1241.57,807.16,1851.05,444.92,5685,350.07,548.83,216.23,611.06,65.94,888.41,325.26,270.62,187.51,1064.5,5818.82,389.92,1889.3,1886.1,875.58,NA,431.49,1068269521,NA,-0.603297492,-5.186168274,-5.42151417,-5.50307524,-890.538204,0,0,31.56,26.7,-0.1,63.2,61.7,59.3,61.3,66.6,58.2,76,51.6,66.5,65.5,59.8,75.2,57.1,61.6,63.8,60.8,53.3,0.2,-0.598385944,0.2
4,2004-04-01,1173.3,1063.9,4,6.02,NA,76.091,1523.14,1334.9,83.46,189.07,1139.42,1277.78,835.93,1674.74,400.92,5533.12,329.7,499.54,253.01,603.3,66.44,802.05,307.35,260.67,182.69,996.81,5895.44,417.7,1889.3,1886.1,907.14,NA,463.2,1068269521,NA,-1.201683436,-5.553716942,-5.22151417,-5.30307524,-890.638204,0,-0.066,-108.35,-13.2,-0.05,63.4,62.1,59.4,61.4,66.8,58.3,76.6,52.1,66.7,65.6,60.2,76,57.4,61.6,64,61.1,53.5,0.1,2.84097329,0.1
5,2004-05-01,1160.1,1059.5,4,5.97,NA,76.025,1400.71,1218.45,75.89,169.21,1091.5,1146.92,736.18,1586.8,359.56,5006.79,299.32,472.46,265.51,585.04,59.31,774.69,298.39,237.73,171.75,844.79,5455.42,400.59,1889.3,1886.1,798.79,NA,408.41,1068269521,NA,1.639289854,-2.818612437,-5.12151417,-5.20307524,-890.688204,0,0,-27.18,-4.6,0.09,63.5,62.2,59.5,61.4,66.8,58.3,77.5,52.7,66.6,66,60.4,75.9,57.5,61.6,64,61.3,53.5,0,0.687583332,0
6,2004-06-01,1155.5,1062.2,4,6.06,NA,76.025,1374.85,1275.49,74.56,156.53,1078.78,1205.01,726.2,1673,362.69,4720.33,274.08,495.24,240.02,593.78,57.94,841.49,294.03,226.36,160.42,810.42,5339.12,411.85,1889.3,1886.1,771.61,NA,383.97,1068269521,NA,2.326873186,-2.257586683,-5.12151417,-5.20307524,-890.598204,0,0.466,-25.54,14.5,-0.1,63.5,62.1,59.4,61.4,66.7,58.5,77.9,52.8,66.3,66.3,60.9,75.6,57.6,61.5,63.9,61.4,53.4,-0.1,0.546095596,-0.1
7,2004-07-01,1170,1046.8,4.25,5.96,NA,76.491,1283.64,1191.67,70.23,160.66,1087.66,1207.94,730.8,1772.24,356.03,4111.47,254.6,474.2,221.31,612.71,55.09,810.56,261.03,211.74,151.11,751.07,4787.14,397.9,1889.3,1886.1,746.07,845.53,358.98,1068269521,NA,2.872968782,-1.836446221,-5.22151417,-5.30307524,-890.698204,0,0.665,24.24,-17,-0.15,63.4,61.9,59.1,61.5,66.8,58.7,78.1,52.9,66,66.6,61.3,75.5,57.8,61.5,63.8,61.6,53.1,-0.2,-0.813208976,-0.2
8,2004-08-01,1153,1050.2,4.42,5.81,NA,77.156,1376.19,1230.37,72.56,175.77,1116.07,1273.61,783.18,1883.39,402.21,4448.08,292.63,522.77,244.77,633.54,68.51,967.92,271.87,259.15,171.6,830.98,5039.28,383.38,1889.3,1886.1,770.31,867.45,344.08,1068269521,NA,2.059759806,-2.825970293,-5.42151417,-5.50307524,-890.848204,0,0,65.61,-1.2,-0.07,63.2,61.5,58.9,61.4,66.5,58.7,78.2,52.9,65.6,67.1,61.7,74.7,58.1,61.7,63.9,61.6,53.1,-0.1,-1.759762414,-0.1
9,2004-09-01,1151.8,1039.5,4.59,5.74,NA,77.156,1452.16,1360.78,76.68,186.46,1236.47,1380.19,877.26,1988.77,435.84,4559.69,267.73,570.19,244.27,676.32,73.9,922.12,276.78,257.38,171.29,844.21,4944.74,406.42,1889.3,1886.1,835.92,875.58,368.12,1068269521,NA,0.299997392,-4.621625176,-5.52151417,-5.60307524,-890.918204,0,0,13.19,-32.2,-0.03,63.1,61.3,58.8,61.5,66.2,59,78.1,53,65.3,67.6,61.7,74.8,58.2,61.5,64.2,61.8,53.2,-0.1,-0.433672706,-0.1
10,2004-10-01,1119.6,1055.7,4.75,5.71,NA,77.156,1423.38,1308.89,72.23,195.09,1257.94,1394.27,835.56,1953.21,422.73,4368.63,227.31,581.86,239.45,714.66,85.53,1066.4,277.16,263.57,177.25,819.08,5044.05,406.32,1889.3,1886.1,849.11,907.14,365.1,1068269521,NA,-0.133675314,-5.142409933,-5.62151417,-5.70307524,-890.948204,0,-0.465,13.99,-71.4,-0.11,63,61.1,58.7,61.6,65.9,59.9,78,53.3,65,68.1,62.2,74.6,58.5,61.5,64.3,61.7,53.1,-0.3,-0.653910626,-0.3
11,2004-11-01,1048.2,1017.5,4.92,5.6,NA,76.691,1483.92,1408.52,72.78,209.8,1370.98,1628.56,925.91,2322.1,462.09,4394.35,236.15,566.05,237.57,791.47,85.94,1209.56,314.51,277.25,187.3,839.06,5816.42,415.11,1889.3,1886.1,863.1,798.79,367.72,1068269521,NA,-0.78758594,-5.78265093,-5.92151417,-6.00307524,-891.058204,0,0.133,9.96,-13.1,-0.08,62.7,60.8,58.5,61.5,65.5,60.1,76.9,53.6,64.6,68.1,62,74,58.8,61.4,64.4,61.7,53.1,-0.2,-0.451962104,-0.2
12,2004-12-01,1035.1,1009.7,5.15,5.52,NA,76.824,1510.51,1492.57,70.47,215.01,1343.97,1594.97,913.49,2220.56,432.03,4573.91,256.45,600.26,240.05,800.29,92.29,1178.31,316.08,288.45,187.55,1017.89,6023.95,418,1889.3,1886.1,873.06,771.61,376.91,1068269521,NA,-1.239548044,-6.224881118,-6.12151417,-6.20307524,-891.138204,-1,0.756,30.29,-9.5,0.06,62.5,60.6,58.2,61.4,65,60.3,76.1,53.6,64.2,68.1,61.7,73.7,58.9,61.1,64.4,61.6,53.1,-0.2,-0.966258246,-1.86225796
13,2005-01-01,1025.6,990.6,5.25,5.58,6.25,77.58,1619.18,1533.89,78.18,238.63,1345.6,1749.43,977.1,2245.57,461.16,5020.31,292.46,673.54,248.01,819.5,101.41,1160.66,299.47,284.81,200.06,1138.29,6017.37,430.04,"1,987.00","1,973.00",903.35,746.07,436.91,2697530755,2.525140615,-2.20580629,-7.161543005,-8.2234303,-8.0653332,-891.300255,0,0.315,61.13,-19.6,-0.05,62.3,60.4,58.1,61.4,64.6,60.4,75.6,53.6,63.9,68.4,61.8,74,58.9,60.9,64.4,61.6,53,0.4,-1.146430062,0.4
14,2005-02-01,1006,961.9,5.49,5.53,6.09,77.895,1769.11,1646.74,89.12,271.63,1531.19,1922.67,978.03,2818.6,499.16,5362.5,353.27,703.15,274.62,821.8,109.85,1430.75,303.49,308.17,209.32,1359.52,6571.63,487.38,"1,987.00","1,973.00",964.48,770.31,492.31,2697530755,2.525140615,-3.352236352,-8.048242944,-7.8234303,-7.6653332,-891.350255,0,0.47,23.75,9.5,0.1,62.7,61,58,61.7,64.6,60.7,75.9,53.7,64.3,68.6,62.2,74.9,59.1,61.1,64.5,61.7,53,0.3,-0.30081325,0.3
15,2005-03-01,1015.5,948,5.59,5.63,6.12,78.365,1686.69,1665.17,90.36,257.22,1519.38,1790.5,958.01,2483.82,497.54,5024.05,306.24,692.76,270.52,787.06,103.37,1352.97,285.02,293.21,203.19,1188.23,6131.05,483.65,"1,987.00","1,973.00",988.23,835.92,474.28,2697530755,2.525140615,-3.653049602,-8.325850069,-7.5234303,-7.3653332,-891.250255,0,0.079,-32.82,-12.7,-0.04,63,61.3,58,62.1,64.9,61.1,76.8,53.9,64.8,68.9,62.8,75.9,59.3,60.9,64.7,62.1,53,0.5,1.330260668,0.5
16,2005-04-01,1002.8,946.4,5.75,5.59,6.02,78.444,1568.91,1626.85,92,228.06,1388.06,1751.31,835.82,2208.16,450.09,4649.67,277.55,661.52,252.85,848.01,106.47,1268.48,277.81,272.91,192,1033.51,5579.5,452.13,"1,987.00","1,973.00",955.41,849.11,448.71,2697530755,2.525140615,-2.322788934,-6.827657823,-7.0234303,-6.8653332,-891.290255,0,-0.079,-16.43,4.9,-0.09,63.5,62,58.1,62.8,65.2,61.5,77.6,54.5,65.3,68.8,63.3,76.9,59.6,61.8,65.2,62.5,52.9,0.5,0.915636282,0.5
17,2005-05-01,1007.7,931.2,5.99,5.5,5.97,78.365,1674.63,1660.67,91.26,242.6,1416.89,1921.54,868.43,2237.83,483.18,5116.03,321.62,709.99,268.18,872.15,109.41,1258.48,303.43,291.76,200.76,1194.92,6132.42,483.44,"1,987.00","1,973.00",938.98,863.1,441.46,2697530755,2.525140615,-1.407152652,-5.828075294,-6.5234303,-6.3653332,-891.380255,0,-0.236,52.36,17.7,0,64,62.6,58.2,63.6,65.3,61.8,78,55,65.9,69.4,63.8,77.1,59.8,61.7,65.8,63,52.9,0.8,-0.524571864,0.8
18,2005-06-01,1025.4,930.8,6.01,5.5,6.06,78.129,1718.95,1732.02,96.4,253.32,1526.33,2511.69,987.08,2249.9,554.12,5060.05,361.13,718.11,267.52,928.24,127.66,1286.73,306.68,315.7,214.76,1365.4,7091.99,497.97,"1,987.00","1,973.00",991.34,873.06,487.55,2697530755,2.525140615,-1.931724516,-6.001486202,-5.7234303,-5.5653332,-891.380255,0,0.315,67.37,1.4,0.01,64.8,63.7,58.2,64.3,65.4,62,78.5,55.5,67.4,69.7,64.2,77.5,59.9,61.9,66.5,63.3,53.1,0.6,-1.104285838,0.6
19,2005-07-01,1026.8,915.5,6.25,5.51,5.96,78.444,1881.01,1795.42,105.76,282.22,1520.59,2453.77,1057.95,2526.83,594.89,5690.34,398.92,821.73,294.78,1031.32,143.15,1376.97,329.23,364.59,247.14,1599.25,7811.52,520.37,"1,987.00","1,973.00",1058.71,903.35,525.01,2697530755,2.525140615,-3.036010354,-6.439944813,-5.1234303,-4.9653332,-891.370255,0,0.235,43.13,11.7,-0.02,65.4,64.9,58.2,64.9,65.4,62.2,78.7,55.8,68.6,70.1,64.6,77.7,60.2,62,66.9,63.8,53.1,0.3,-0.791076862,0.3
20,2005-08-01,1038.5,933,6.43,5.49,5.81,78.679,1863.4,1722.94,97.48,270.34,1546.19,2441.28,1143.46,2624.25,579.68,5462.32,408.88,838.52,287.15,952.05,137.68,1224.67,306.88,353.88,242.08,1478.87,8419.01,493.29,"1,987.00","1,973.00",1101.84,964.48,517.15,2697530755,2.525140615,-3.827087216,-7.188879352,-4.8234303,-4.6653332,-891.390255,0,0.392,69.18,2.6,0.12,65.7,65.2,58.2,65.6,65.5,62.9,78.7,56.3,68.9,70.3,65.3,78.1,60.6,62,67.2,64,52.9,0.2,-1.550074132,0.2
21,2005-09-01,1041.1,921.3,6.6,5.61,5.74,79.071,2062.71,2016.43,121.07,310.67,1722.93,2959.08,1235.83,2963.39,667.9,5840.72,426.62,982.17,325.38,1054.99,161.88,1400.97,333.99,427.16,284.56,1930.98,9859.06,552.71,"1,987.00","1,973.00",1171.02,988.23,538.37,2697530755,2.525140615,-5.377161348,-8.771357706,-4.6234303,-4.4653332,-891.270255,0,-0.157,19.84,-0.9,0.12,65.9,65.3,58.2,66.2,65.4,63.2,78.6,56.8,69,71,65.9,78.2,61,62.1,67.4,64.2,52.9,0,-0.501900416,0
22,2005-10-01,1040.2,899.6,6.75,5.73,5.71,78.914,1936.36,1983.89,134.48,333.41,1614.01,2997.69,1000.08,2707.79,699.96,5435.06,457.25,909.15,317.41,1020.88,160.77,1313.1,309.33,409.49,270.86,1778.01,9018.98,545.22,"1,987.00","1,973.00",1190.86,955.41,591.7,2697530755,2.525140615,-5.879061764,-9.253872458,-4.6234303,-4.4653332,-891.150255,0,-0.314,62.4,-6.7,-0.02,65.9,65.3,58.2,66.6,65.3,63.3,78,56.8,68.9,71.3,66.7,78.2,61.5,62.1,68.1,64.3,52.9,0.1,-1.47855776,0.1
23,2005-11-01,1033.5,866.7,7,5.71,5.6,78.6,2140.48,2301.65,155.97,376.21,1708.03,3773.51,1054.12,2657.15,827.75,6044.83,533.61,1042.11,361.1,1038.4,192.11,1497.13,316.7,496.87,320.13,2453.32,10471.31,596.89,"1,987.00","1,973.00",1253.26,938.98,652.37,2697530755,2.525140615,-7.357619524,-10.67145918,-4.5234303,-4.3653332,-891.170255,0,0.236,85.55,-21.9,0.03,66,65.4,58.1,66.9,65.2,63.5,77.5,56.7,68.8,71.4,67,78,61.6,62.2,68.8,64.2,52.9,0.1,-2.06419257,0.1
24,2005-12-01,1011.6,858.5,7.16,5.74,5.52,78.836,2273.7,2322.15,166.75,385.82,1683.66,3481.03,985.25,2574.26,928.12,6761.03,538.74,1126.54,400.72,1109.76,198.61,1629.29,305.96,543.13,351.36,2949.3,12366.35,614.85,"1,987.00","1,973.00",1338.81,991.34,721.05,2697530755,2.525140615,-9.421812094,-12.35206084,-4.4234303,-4.2653332,-891.140255,2,0.47,40.51,-47,0.05,66.1,65.8,58.1,67.4,65.2,63.6,78,56.7,68.8,71.5,67.2,77.9,61.8,62.3,69.1,64.3,52.9,0.3,-0.724797676,-1.5554548
25,2006-01-01,964.6,821.2,7.26,5.79,5.58,79.306,2324.44,2370.65,179.63,352.96,1727.83,3338.67,926.08,2835.65,872.38,7212.92,643.64,1008.87,431.02,1187.78,193.01,1609.89,307.22,533.63,352.21,2755.12,11842.5,618.61,"2,076.00","2,070.00",1379.32,1058.71,708.27,3225760502,1.195819731,-10.14660977,-12.8372762,-5.8559844,-5.820788,-891.312306,0,0.158,-37.6,6.3,-0.03,66.4,66.3,58.1,67.8,65.2,63.9,78.2,56.9,69.1,71.7,67.8,77.6,62.2,62.4,69.3,64.5,52.8,0.4,1.351182242,0.4
26,2006-02-01,970.9,835.3,7.5,5.76,5.53,79.464,2278.8,2461.8,178.5,322.34,1712.14,3443.74,974.47,2939.14,862.82,6770.61,723.85,1008.3,403.96,1198.33,191.74,1623.6,318.39,514.39,340.75,2699.95,11530.57,599.71,"2,076.00","2,070.00",1341.72,1101.84,656.84,3225760502,1.195819731,-8.795427528,-11.32283292,-5.4559844,-5.420788,-891.342306,0,0.47,-10,0.7,0.13,66.8,66.9,58.1,68.2,65.3,64.2,78.1,57,69.7,72.2,68.5,77.9,62.5,62.4,69.7,64.6,52.8,0.5,0.752974,0.5
27,2006-03-01,971.6,827.7,7.54,5.89,5.63,79.934,2227.82,2425.7,179.2,326.03,1788.28,3418.76,973.64,3125.99,879.77,6277.56,711.91,1015.29,388.37,1173.42,204.91,1458.16,313.06,532.23,366.57,2422.35,11447.05,605.24,"2,076.00","2,070.00",1331.72,1171.02,657.5,3225760502,1.195819731,-8.042453528,-9.979629916,-4.9559844,-4.920788,-891.212306,0,0.079,84.2,-28.2,-0.06,67.3,68,58.1,68.5,65.4,64.5,78.1,57.6,70.4,72.8,69.4,78,62.9,62.4,70.4,64.8,52.7,0.7,-1.43004108,0.7
28,2006-04-01,943.4,826,7.75,5.83,5.59,80.013,2276.44,2457.77,180.82,338.55,1792.78,3363.4,991.68,3344.38,889.79,6393.45,812.24,1052.71,413.37,1213.02,236.75,1589.97,356.87,560.46,370.33,2701.43,12459.47,625.24,"2,076.00","2,070.00",1415.92,1190.86,693.71,3225760502,1.195819731,-9.472494608,-10.52739918,-4.2559844,-4.220788,-891.272306,0,0.156,-27.09,2.2,0.06,68,69.5,58,68.7,65.7,64.8,77.9,58.2,71.5,73.1,70,78.1,63.5,62.4,71.2,64.9,52.7,0.8,1.485306566,0.8
29,2006-05-01,945.6,844.1,7.92,5.89,5.5,80.169,2120.88,2274.88,170.12,296.56,1649.31,3092.21,889.16,3129.11,796.92,6001.42,767.32,964.78,371.43,1134.67,205.91,1562,358.68,513.11,337.32,2327.39,12530.52,576.54,"2,076.00","2,070.00",1388.83,1253.26,663.35,3225760502,1.195819731,-7.987188042,-8.568562249,-3.4559844,-3.420788,-891.212306,0,-0.156,-139.64,3.3,0.09,68.8,70.8,57.9,69,66,64.9,77.5,59.3,73.1,73.2,70.1,78.1,64.1,62.5,72.1,65.1,53.1,0.4,3.932528936,0.4
30,2006-06-01,948.9,828.9,8.02,5.98,5.5,80.013,2087.32,2157.11,169.19,285.49,1551.35,2880.72,843.92,3136.43,831.19,5815.87,674,1029.1,434.5,1031.31,184.81,1537.28,330.71,502.74,336.9,2223.64,11894.19,551.33,"2,076.00","2,070.00",1249.19,1338.81,576.71,3225760502,1.195819731,-4.054659106,-4.672475557,-3.0559844,-3.020788,-891.122306,0,0.313,28.81,6.3,0.12,69.2,71.3,57.8,68.9,66.2,65.2,77.1,60,74.1,73.2,70.2,78,64.5,62.8,72.6,65.1,53.1,0.1,-0.628818094,0.1
31,2006-07-01,955.2,835.6,8.25,6.1,5.51,80.326,2074.88,2149.66,158.99,291.73,1573.95,2860.57,789.95,2938.36,836.7,5826.93,795.11,1008.48,409.9,1053.62,200.47,1362.78,325.32,523.15,359.63,2215.67,11484.13,552.91,"2,076.00","2,070.00",1278,1379.32,563.45,3225760502,1.195819731,-4.6834772,-5.1731434,-2.9559844,-2.920788,-891.002306,0,0.471,38.08,6.2,0.06,69.3,71.5,57.7,68.8,66.4,65.2,76.8,60.3,74.5,73.4,70.3,77.9,64.8,63,73.1,64.9,53.1,0.2,-0.763324992,0.2
32,2006-08-01,961.4,819.5,8.25,6.16,5.49,80.797,2209.62,2150.47,160.31,310.81,1625.94,3147.49,820.2,3061.43,871.16,6367.33,854.65,1077.43,436.37,1083.18,206.85,1460,324.56,520.58,340.59,2473.5,12105.06,568.84,"2,076.00","2,070.00",1316.08,1341.72,553.36,3225760502,1.195819731,-5.446802192,-5.899260424,-2.7559844,-2.720788,-890.942306,0,0.235,40.45,-15.2,-0.03,69.5,71.7,57.6,68.6,66.5,65.3,76.5,60.6,74.9,73.2,70.2,77.6,65,63.1,73.3,64.9,53.1,0.4,-0.62327983,0.4
33,2006-09-01,946.2,802.8,8.25,6.13,5.61,81.032,2252.23,2265.44,165.38,321.44,1683.96,3122.58,838.88,3103.94,949.72,6358.08,976.28,1117.3,422.62,1093.37,211.78,1536.96,336.31,521.2,331.06,2409.99,12726.17,586.96,"2,076.00","2,070.00",1356.53,1331.72,597.94,3225760502,1.195819731,-6.070082022,-6.283016559,-2.3559844,-2.320788,-890.972306,0,-0.392,-2.49,-3.9,-0.04,69.9,72.3,57.6,68.5,66.8,65.5,76.1,61.3,75.8,73.1,70.3,77.5,65.2,63.3,73.8,64.9,53.1,1.1,1.162990526,1.1
34,2006-10-01,942.3,803.1,8.25,6.09,5.73,80.64,2200.02,2259,166.75,326.44,1744.5,3227.27,859.52,3285.19,909.72,5897.41,934.22,1110.71,436.03,1078.23,231.91,1532.93,342.83,524.97,335.32,2380.4,12585.82,581.62,"2,076.00","2,070.00",1354.04,1415.92,577.5,3225760502,1.195819731,-4.907091496,-4.722459012,-1.2559844,-1.220788,-891.012306,0,-0.392,49.89,-12.8,-0.05,71,73.8,57.6,68.5,67.8,65.8,76,62.7,78.3,73.1,70.4,77.4,65.7,63.7,74.3,64.9,53.1,2.7,1.437912714,2.7
35,2006-11-01,929.5,800.5,8.25,6.04,5.71,80.248,2284.36,2379.51,183.52,353.55,1858.93,3613.03,965.94,3637.39,980.86,6075.17,919.97,1073.13,467.34,1160.62,259.23,1755.45,368.73,542.93,334.55,2597.63,12973.64,612.83,"2,076.00","2,070.00",1403.93,1388.83,607.57,3225760502,1.195819731,-3.469178782,-1.535798779,1.4440156,1.479212,-891.062306,0,0.235,14.9,0.3,0.15,73.7,78.2,57.6,68.5,70.5,66,76,64.9,84.6,73,70.3,77.3,66.2,63.8,75,65.1,53.2,1.6,1.22306874,1.6
36,2006-12-01,929.8,783.4,8.25,6.19,5.74,80.483,2263.96,2484.6,189.97,343.09,1921.09,3687.61,958.93,3766.81,1034.02,5885.39,862.18,1027.13,477.24,1244.28,248.09,1707.46,366.5,556.53,338.97,2570.95,13744.22,606.98,"2,076.00","2,070.00",1418.83,1249.19,608.56,3225760502,1.195819731,-2.246110042,1.101828751,3.0440156,3.079212,-890.912306,1,0.157,-39.58,11.2,0.13,75.3,81.2,57.7,68.5,73.1,66,76,66.2,88.1,72.7,70.3,77.4,66.5,64.1,75.5,65.3,53.7,1,2.001271092,-2.11027784
37,2007-01-01,941,775,8.25,6.32,5.79,80.64,2145.73,2333.44,179.28,329.33,1831.68,3242.9,859.98,3829.97,983.64,5448.79,727.32,990.88,434.92,1229.85,222.52,1584.53,330.97,542.49,335.71,2244.19,13578.94,588.9,"2,238.20","2,232.60",1379.25,1278,593.23,3883459754,1.203889672,-0.24483895,3.964426225,0.88648442,0.96893416,-891.004357,0,0.549,55.64,0.8,0.02,76.3,83.1,57.7,68.5,75,66,75.9,67.4,90.2,72.5,70.2,77.4,66.8,64.4,75.8,65.4,53.9,0.4,-1.007547336,0.4
38,2007-02-01,941.8,796.9,8.25,6.34,5.76,81.189,2230.75,2256.17,178.09,344.18,1924.61,3332.95,885.93,4078.23,1055.95,5505.18,869.67,1095.76,434.91,1163.25,242.02,1685.61,327.52,593.11,373.9,2535.82,14472.29,599.59,"2,238.20","2,232.60",1434.89,1316.08,602.08,3883459754,1.203889672,-1.252386286,3.111244733,1.28648442,1.36893416,-890.984357,0,0.471,-3.27,-0.9,0.03,76.7,83.6,57.7,68.3,75.7,66,75.7,68,91,72.4,70,77.4,67,64.7,76.2,65.5,54,0.2,0.282722498,0.2
39,2007-03-01,940.9,799.9,8.25,6.37,5.89,81.66,2344.88,2335.82,185.9,374.8,2054.18,3381.57,963.95,4529.84,1224.24,5573.75,901.73,1161.38,443.29,1114.69,242,1855.19,326.73,582.11,383.75,2464.39,14135.98,618.23,"2,238.20","2,232.60",1431.62,1356.53,627.46,3883459754,1.203889672,-0.969663788,3.590772114,1.48648442,1.56893416,-890.954357,0,0.313,85.5,-10.1,-0.02,76.9,84,57.7,68.2,76,66.1,75.4,68.5,91.4,72.1,70,77.3,67.1,64.8,76.6,65.4,54.1,0.2,-1.9629277,0.2
40,2007-04-01,930.8,778.7,8.25,6.35,5.83,81.973,2502.55,2502.75,206.3,389.37,2335.31,3387.42,1070.32,4728.38,1471.43,5728.26,935.79,1249.66,483.78,1135.78,277.73,2190.14,334.89,593.7,379.29,2771.94,14515.04,674.4,"2,238.20","2,232.60",1517.12,1354.04,678,3883459754,1.203889672,-2.932591488,1.811386464,1.68648442,1.76893416,-890.974357,0,0.079,97.82,-3.1,0.13,77.1,84.3,57.7,67.9,76.5,66.2,75,69,91.7,72.3,70.1,77.2,67.2,65.2,76.8,65.5,54.2,0,-2.474591668,0
41,2007-05-01,927.7,763.3,8.25,6.48,5.89,82.052,2756.82,2670.09,223.18,447.64,2646.94,4108.79,1229.96,5524.09,1839.94,5560.13,1296.86,1548.96,545.26,1245.46,356.11,2904.82,343.7,619.35,377.05,3279.61,15332.93,766.14,"2,238.20","2,232.60",1614.94,1403.93,709.78,3883459754,1.203889672,-5.407183156,-0.567625282,1.68648442,1.76893416,-890.844357,0,0,139.34,-3.9,-0.06,77.1,84.3,57.7,67.7,77.2,66.1,74.8,69.3,91.6,72.1,69.6,77.1,67.4,65.4,77,65.6,54.3,0.1,-3.424939716,0.1
42,2007-06-01,923.8,749.1,8.25,6.42,5.98,82.052,2885.73,2776.41,228.19,438.95,2796.12,4219.01,1313.88,5423.24,1734.41,5954.28,1209.21,1698.93,511.68,1285.17,339.74,2647.76,352.31,636.11,367.06,3830.47,16878.25,796.31,"2,238.20","2,232.60",1754.28,1418.83,779.11,3883459754,1.203889672,-8.832122872,-3.756415884,1.78648442,1.86893416,-890.904357,0,0.314,157.28,-4.5,-0.01,77.2,84.5,57.7,67.5,77.9,66.1,74.6,70,91.8,72,69.5,77,67.4,65.7,77.3,65.5,54.4,0.2,-3.778775068,0.2
43,2007-07-01,919.3,773.4,8.25,6.41,6.1,82.366,3212.42,3084.55,258.35,471.11,3073.26,4853.46,1382.55,6628.94,1970.74,6464.02,1431.54,1869.23,567.65,1380.87,394.95,3537.85,350.28,702,382.36,4714.93,18827.38,838.55,"2,238.20","2,232.60",1911.56,1379.25,811.99,3883459754,1.203889672,-12.61089794,-7.281512668,1.98648442,2.06893416,-890.914357,0,0.078,-96.54,19,0.15,77.4,84.8,57.7,67.2,78.8,66.1,74.3,70.1,92.1,71.8,69.4,77,67.5,66,77.4,65.5,54.5,0.2,2.642210992,0.2
44,2007-08-01,938.3,807.7,8.25,6.56,6.16,82.444,3138.38,2961.24,248.47,464.11,3012.26,4887.95,1361.25,6998.47,1840.64,6169.65,1651.5,1781.11,551.52,1321.59,393.75,3434.04,354.03,650.74,369.71,4199.07,18658.99,826.24,"2,238.20","2,232.60",1815.02,1434.89,764.46,3883459754,1.203889672,-9.968686948,-4.533630906,2.18648442,2.26893416,-890.764357,0,0.471,64.01,-23.2,0.14,77.6,85.2,57.8,67.1,79.7,66.1,74.2,70.1,92.6,71.6,69.4,77,67.5,66.3,77.4,65.5,54.6,0.3,-1.319286572,0.3
45,2007-09-01,915.1,794.8,8.03,6.7,6.13,82.915,3295.46,2932.33,242.99,489.56,3283.79,4759.21,1399.88,7904.44,1905.18,6225.94,1692.62,1887.34,576.35,1356.15,404.01,3506.13,368.07,645.53,366.69,3999.58,19326.75,919.54,"2,238.20","2,232.60",1879.03,1431.62,777.61,3883459754,1.203889672,-11.28797352,-5.690373309,2.48648442,2.56893416,-890.624357,0,0.157,125.52,-14.4,0.09,77.9,85.6,57.8,67,80.5,66.1,74.1,70.1,93.1,71.4,69.5,76.9,67.6,66.5,77.4,65.7,54.6,0.3,-2.87532965,0.3
46,2007-10-01,900.7,785.5,7.74,6.79,6.09,83.072,3452.09,3233.27,238.24,422.37,3725.1,4662.39,1317.4,7702.81,2526.01,6176.97,1345.23,2032.13,642.48,1286.9,444.31,4379.89,361.65,684.08,352.26,4676.02,25294.5,1029.08,"2,238.20","2,232.60",2004.55,1517.12,801.55,3883459754,1.203889672,-14.16330317,-8.443057365,2.78648442,2.86893416,-890.534357,0,0,-79.71,20.4,0.01,78.2,85.9,57.9,66.9,81.7,66.2,74.2,70.6,93.6,71.1,69.9,76.9,67.8,66.6,77.4,65.8,54.6,0.3,2.31645575,0.3
47,2007-11-01,921.1,835.3,7.5,6.8,6.04,83.072,3208.71,2955.29,224.94,418.67,3307.17,4668.96,1225.63,6913.44,2202.81,6175.29,1136.61,1820.89,579.16,1276.55,387.76,3804.67,400,609.13,322.91,4015.8,21909.01,937.06,"2,238.20","2,232.60",1924.84,1614.94,755.69,3883459754,1.203889672,-11.84684742,-5.904486252,3.08648442,3.16893416,-890.524357,0,0.314,-20.85,15,0.28,78.5,86.5,58,66.7,83,66.4,74.2,71,94,70.9,69.9,76.9,68.1,67,77.4,66,54.8,0.2,0.72745079,0.2
48,2007-12-01,936.1,828.6,7.33,7.08,6.19,83.386,3119.6,2901.99,217.37,412.11,3130.27,4786.74,1255.89,6799.17,1992.67,6061.74,1053.64,1775.01,589.08,1276.55,399.88,3483.02,395.68,658.86,337.64,4561.42,24539.56,899.11,"2,238.20","2,232.60",1903.99,1754.28,722.26,3883459754,1.203889672,-11.11939663,-4.997407997,3.28648442,3.36893416,-890.244357,1,0.391,-171.7,7.8,0.17,78.7,86.9,58.1,66.5,83.9,66.5,74.3,71.2,94.2,70.6,70,76.9,68.4,67.8,77.4,66.2,54.8,0.4,4.743563584,-1.91262356
49,2008-01-01,943.9,886.6,6.98,7.25,6.32,83.777,2714.6,2549.59,188.68,357.94,2463.97,4312.55,1122.64,5926.62,1522.84,5998.47,1118.82,1343.37,470.56,1258.65,296.5,2852.3,365.83,557.07,309.18,3399.27,18246.35,747.41,"2,352.90","2,353.50",1732.29,1911.56,667.12,4577477403,1.178711173,-6.375833046,-0.221612487,1.45363099,1.4563106,-890.296408,0,0.315,-42.76,-4.9,-0.35,79.1,87.5,58.3,66.4,85.1,66.4,74.3,71.4,94.6,70.5,70.1,76.7,68.5,68.9,77.5,66.3,54.8,0.3,1.381716824,0.3
50,2008-02-01,939,895.7,6,6.9,6.34,84.092,2917.51,2631.49,187.69,362.05,2842.16,4511.58,1152.48,6343.52,2043.48,5971.23,1198.64,1526.21,490.32,1134.08,355.16,3164.06,330.79,559.2,292.61,3675.25,18389.07,821.8,"2,352.90","2,353.50",1689.53,1815.02,647.38,4577477403,1.178711173,-4.994116222,1.418323541,1.75363099,1.7563106,-890.646408,0,0.784,-38.38,51.4,0,79.4,88.1,58.4,66.3,86,66.5,74.3,71.5,95,70.4,70.3,76.7,68.8,69.7,77.5,66.4,54.9,0.7,1.670914212,0.7
51,2008-03-01,990.4,992.9,5.66,6.9,6.37,84.876,2939.84,2464.98,186.01,347.49,2642.91,4445.47,1090.01,5743.56,1996.82,6611.91,1318.89,1556.36,505.77,1050.92,341.74,3073.37,337.31,548.06,280.97,3542.83,18943.51,788.44,"2,352.90","2,353.50",1651.15,1879.03,627.49,4577477403,1.178711173,-3.32320201,3.951736655,2.45363099,2.4563106,-890.646408,0,0.471,125.43,12.2,0.01,80.1,89.7,58.8,66.2,87.4,66.6,74.4,71.7,96,70.2,70.6,76.5,69.2,70.1,77.5,66.6,54.9,1.1,-2.073052882,1.1
52,2008-04-01,1002.6,965.6,5.24,6.91,6.35,85.347,3137.59,2570.32,198.58,378.76,2877.58,4798.67,1091.15,6043.03,1798.86,7301.94,1443.65,1628.24,535.16,1161.84,337.57,3208.97,347.02,616.12,348.44,3665.47,19825.87,846.76,"2,352.90","2,353.50",1776.58,2004.55,647.78,4577477403,1.178711173,-5.396254892,3.101241426,3.55363099,3.5563106,-890.636408,0,0.705,70.17,27.5,0.05,81.2,91.9,59.2,66,90.1,67,74.6,71.8,97.5,70,70.9,76.4,70.2,72.5,77.7,67,55.2,0.7,-1.075118558,0.7
53,2008-05-01,1030.1,978.2,5,6.96,6.48,86.052,3273.2,2701.87,200.83,386.68,2926.39,4484.67,1066.24,6760.44,2010.16,7495.42,1485.17,1698.83,529.21,1161.78,332,3168.3,350.84,586.62,330.09,3380.92,20924.76,857.61,"2,352.90","2,353.50",1846.75,1924.84,649.49,4577477403,1.178711173,-6.47137345,2.794685975,4.25363099,4.2563106,-890.586408,0,0.549,-88.58,15.9,0.06,81.9,93.3,59.5,65.9,92,67.4,74.7,71.9,98.7,70.1,71,76.5,70.9,72.9,77.6,67.2,55.3,0.9,3.140843692,0.9
54,2008-06-01,1046,987.9,5,7.02,6.42,86.601,2941.58,2651.89,191.29,369.76,2728.9,4422.05,1001.01,6610.43,1713.95,6394.41,1140.6,1474.94,477.15,1084.06,291.8,2899.63,330.43,538.64,309.74,2948.25,20465.98,766.11,"2,352.90","2,353.50",1758.17,1903.99,619.33,4577477403,1.178711173,-3.330529758,6.348978149,5.15363099,5.1563106,-890.526408,0,0.628,-188.57,-33.8,0.1,82.8,94.7,59.8,65.7,94.9,67.6,74.8,72.1,99.8,70.5,71.2,77.2,72.3,73.8,77.6,67.7,55.4,0.5,5.270330718,0.5
55,2008-07-01,1012.2,937.4,5,7.12,6.41,87.229,2798.61,2510.1,185.08,340.32,2725.34,4122.99,947.84,6513.98,1664.56,5675.39,905.49,1476.38,453.17,1123.4,257.43,2814.24,327.2,508.08,290.42,2834.25,18719.43,729.48,"2,352.90","2,353.50",1569.6,1732.29,536.92,4577477403,1.178711173,1.93980096,11.63505712,5.65363099,5.6563106,-890.426408,0,-0.157,-32.05,76.8,0.19,83.3,95.4,60.3,65.7,97.6,67.7,74.8,71.9,100.4,71,71.3,77.7,73.2,74.7,77.6,67.8,55.8,0.3,1.11078167,0.3
56,2008-08-01,1089,998.9,5,7.31,6.56,87.072,2507.7,2381.23,172.31,335.53,2453.08,3919.3,894.12,5562.05,1330.02,5234.11,786.5,1274.32,423.71,1142.75,213.19,2620.5,345.9,498.8,296.18,2590.3,17646.81,673.35,"2,352.90","2,353.50",1537.55,1689.53,507.14,4577477403,1.178711173,3.05058263,12.61452274,5.95363099,5.9563106,-890.236408,0,0.079,-90.99,118,0.13,83.6,95.6,60.5,65.6,99,67.8,74.9,72.2,100.7,71.4,71.6,78.1,73.9,75.2,77.5,68.2,55.9,0.4,2.701810426,0.4
57,2008-09-01,1207,1157.5,5,7.44,6.7,87.151,2528.2,2169.39,159.4,322.99,2506.27,3624.57,827.66,5280.89,1368.6,5450.93,654.78,1322.81,413.47,1042.02,228.41,2529.85,345.3,455.63,261.12,2776.22,17672.17,640.27,"2,352.90","2,353.50",1446.56,1651.15,444.16,4577477403,1.178711173,5.752393056,15.02742683,6.35363099,6.3563106,-890.106408,0,-0.079,-244.86,84,0.35,84,95.8,61,65.4,100.8,68.1,75.1,72.3,100.9,71.6,71.7,79.1,74.5,76.1,77.5,68.7,56.1,-0.1,6.094321364,-0.1
58,2008-10-01,1291,1316.1,4.56,7.79,6.79,87.072,2004.68,1765.64,110.32,231.64,1862.35,2724.99,548.45,4039.21,883.51,4960.22,648.5,891.63,286.06,849.18,153.21,1925.18,314.18,311.79,169.36,1949.47,12602.16,493.39,"2,352.90","2,353.50",1201.7,1776.58,348.31,4577477403,1.178711173,11.84671442,20.68249549,6.25363099,6.2563106,-889.756408,0,-0.235,-127.75,178,-0.26,83.9,95.5,61.2,65.2,101.3,68.2,75.1,72.4,100.4,72,71.7,79.5,74.6,76.2,77.4,69.2,57.1,-0.5,2.73174285,-0.5
59,2008-11-01,1469,1541.1,4,7.53,6.8,86.837,1876.49,1830.82,112.45,216.26,1859.51,3170.54,531.95,3877.01,871.07,4405.57,711.17,774.01,287.33,928.03,143.73,1878.79,333.2,312.58,169.47,1868.17,14065.01,474.58,"2,352.90","2,353.50",1073.95,1846.75,310.48,4577477403,1.178711173,14.57845727,22.98941382,5.75363099,5.7563106,-890.016408,0,0,40.95,-209.5,-0.64,83.4,94.7,61.3,64.9,101.2,68.3,75,72.3,99,72,71.6,79.6,74.6,76.7,76.9,69.3,58,-0.7,-1.73592853,-0.7
60,2008-12-01,1259.5,1396.8,3.61,6.89,7.08,86.837,1940.65,2023.66,117.95,234.39,1965.19,3396.58,611.13,4328.58,995.37,4165.92,686.97,852.98,311.65,976.97,164.62,1992.21,338.65,322.91,164.77,2083.88,14168.88,515.94,"2,352.90","2,353.50",1114.9,1758.17,324.98,4577477403,1.178711173,12.84252874,20.29349753,5.05363099,5.0563106,-890.656408,1,0.079,41.47,120,-0.98,82.7,93,61.4,64.3,100.4,68.3,75,71.9,97.6,71.9,71.6,79.4,74.5,77.1,75.9,69.1,58,-0.6,-1.64908318,-2.26799648
61,2009-01-01,1379.5,1543.1,3.25,5.91,7.25,86.916,2035.98,1872.43,118.21,220.56,2019.07,3357.77,592.89,4196.24,1082.78,4548.96,693.06,950.41,311.18,918.08,172.02,1952.48,336.11,342.31,177.65,2373.55,12739.96,520.9,"2,444.50","2,440.70",1156.37,1569.6,355.1,4598833096,1.004665385,11.19344556,18.48493469,2.67046295,2.78831412,-891.858459,0,0.627,-16.62,154.5,-0.34,82.1,92.2,61.3,63.6,99.9,68.1,74.7,71.7,96.4,71.8,71.7,79.1,74.2,76.8,75.4,69.1,58.5,-0.2,0.22044279,-0.2
62,2009-02-01,1534,1571.2,3.25,5.57,6.9,87.543,1926.16,1721.79,108.07,213.17,1920.1,3485.09,562.11,3722.34,955.69,4458.09,621.04,881.66,270.81,779.29,148.76,1723.34,310.41,285.7,136.96,2013.64,12218.13,495.59,"2,444.50","2,440.70",1139.75,1537.55,377.44,4598833096,1.004665385,11.41388835,18.68913808,2.47046295,2.58831412,-892.198459,0,0.627,0.7,-150.5,-0.07,81.9,92,61.4,63,99.3,68.1,74.7,71.4,95.9,71.8,71.6,79,74.2,76.8,75.1,69,58.5,-0.2,-0.21770818,-0.2
63,2009-03-01,1383.5,1412.7,3.25,5.5,6.9,88.17,2212.82,1814.9,123.01,232.54,2130.53,3826.74,634.27,4359.07,1107.72,5341.71,1047.53,989.3,309.67,814.66,177.41,1894.51,316.67,323.27,156.86,2441.81,13254.79,575.31,"2,444.50","2,440.70",1140.45,1446.56,390.98,4598833096,1.004665385,11.19618017,18.47211387,2.27046295,2.38831412,-892.268459,0,0.235,181.65,-101.5,-0.1,81.7,91.8,61.5,62.7,98.9,68,74.8,71.3,95.4,71.8,71.4,78.8,74.5,76.8,74.8,69.3,58.7,0,-4.59527271,0
64,2009-04-01,1282,1317.2,3.25,5.4,6.91,88.405,2504.95,2034.66,151.36,265.32,2477.65,4027.35,796.46,4892.09,1365.29,5833.43,1325.28,1197.91,364.4,891.48,202.73,2076.83,309.74,387.82,188.34,2838.03,15285.92,667.52,"2,444.50","2,440.70",1322.1,1201.7,484.22,4598833096,1.004665385,6.60090746,14.35433137,2.27046295,2.38831412,-892.368459,0,0,78.4,-27,0.02,81.7,92.1,61.6,62.5,98.6,67.9,74.8,71.4,95.3,71.7,71.5,78.9,74.8,77.2,74.8,69.3,58.9,0.1,-1.88331616,0.1
65,2009-05-01,1255,1300.1,3.25,5.42,6.96,88.405,2513.05,2053.96,160.8,285.96,2545.76,3683.84,724.8,5166.9,1274.61,5713.14,1840.36,1199.79,380.48,907.9,207.24,2173.14,288.11,412.04,222.27,2877.02,15455.8,719.47,"2,444.50","2,440.70",1400.5,1073.95,533.82,4598833096,1.004665385,4.7175913,12.64761985,2.37046295,2.48831412,-892.348459,0,-0.078,-5.26,18.9,0.05,81.8,92.3,61.9,62.5,98.6,67.8,75.1,71.5,95.5,71.7,71.6,78.8,75,77.4,74.7,69.5,59,0.2,0.333064324,0.2
66,2009-06-01,1273.9,1329.6,3.25,5.47,7.02,88.327,2511.77,2014.48,158.68,276.98,2498.09,3784.08,698.73,5160.69,1103.27,5944.11,1673.75,1165.21,386.18,946.08,196.58,2048.26,290.08,415.86,246.56,2722.86,16064.81,683.61,"2,444.50","2,440.70",1395.24,1114.9,516.39,4598833096,1.004665385,5.050655624,13.17554463,2.57046295,2.68831412,-892.298459,0,0.314,64.79,-45.4,0.06,82,92.7,62,62.4,98.6,67.7,75.4,71.7,95.7,71.7,71.6,78.6,75.1,77.6,74.6,69.6,58.7,0.3,-1.339018546,0.3
67,2009-07-01,1228.5,1288.8,3.25,5.53,7.12,88.641,2824.34,2117.89,176.73,307.24,2600.39,3952.97,770.42,6004.72,1212,6994.04,1528.54,1329.83,408.1,1051.43,213.57,2160.6,310.77,505.53,306.74,3210.68,17666.16,698.19,"2,444.50","2,440.70",1460.03,1156.37,496.39,4598833096,1.004665385,3.711637078,12.39983239,2.87046295,2.98831412,-892.238459,0,0.314,117.88,20.4,0.08,82.3,93.5,62.2,62.5,98.6,67.7,75.8,72.1,96,71.8,71.7,78.5,75.4,77.7,74.5,69.7,58.5,0.2,-2.782057512,0.2
68,2009-08-01,1248.9,1345.8,3.25,5.61,7.31,88.955,2946.05,2093.69,170.47,311.51,2752.78,4200.99,794.56,5716.9,1173.33,7665.18,1706.98,1358.76,412.68,1001.06,219.21,2221.52,296.85,499.77,293.54,3077.89,19433.84,708.48,"2,444.50","2,440.70",1577.91,1139.75,515.61,4598833096,1.004665385,0.929579566,9.932955427,3.07046295,3.18831412,-892.158459,0,0.079,81.54,-70.8,0.21,82.5,93.9,62.4,62.5,98.7,67.7,76.2,72.5,96.3,71.9,71.8,78.7,75.8,77.7,74.6,69.8,58.6,0.7,-1.362749996,0.7
69,2009-09-01,1178.1,1315.6,3.25,5.82,7.44,89.034,3054.03,2284.67,169.67,297.07,2972.31,4054.4,823.18,5976.24,1183.41,7793.62,2032.78,1403.57,446.62,1123.82,218.95,2288.55,310.19,543.23,339.46,2876.22,20288.05,753,"2,444.50","2,440.70",1659.45,1140.45,523.16,4598833096,1.004665385,-0.43317043,9.049878165,3.77046295,3.88831412,-891.948459,0,-0.236,-28.84,4.4,0.06,83.2,95,63.2,62.8,99.3,67.7,77.2,72.9,97,72,72,79,76.3,78.1,74.9,70.3,58.7,0.3,1.029577016,0.3
70,2009-10-01,1182.5,1299.3,3.25,5.88,7.79,88.798,2862.02,2268.04,170.72,281.47,2741.92,4150.48,744.9,6118.98,1132.87,6963.01,2000.16,1335.97,425.06,1065.87,216.87,2133.07,305.85,519.71,341.37,2543.14,19299.77,701.6,"2,444.50","2,440.70",1630.61,1322.1,501.83,4598833096,1.004665385,0.596406586,10.05127562,4.07046295,4.18831412,-891.888459,0,0.157,-47.14,-19.7,-0.01,83.5,95.3,63.7,63,99.6,67.8,77.9,73.2,97.3,72.2,72.3,79.3,77,78.8,74.9,70.6,59,0.3,1.492519436,0.3
71,2009-11-01,1162.8,1348.8,3.25,5.87,7.53,88.955,2835.05,2318.23,160.93,265.52,2802.05,3770.27,713.38,6574.15,1042.42,6872.01,1998.7,1232.61,422.9,1005.36,217.04,2140.94,291.5,500.52,332.39,2492.84,17823.79,699.62,"2,444.50","2,440.70",1583.47,1400.5,477.15,4598833096,1.004665385,2.088926022,11.19773456,4.37046295,4.48831412,-891.898459,0,0.314,63.17,1.7,-0.06,83.8,95.3,64.6,63.2,99.7,67.8,78.7,73.7,97.2,72.5,72.5,79.4,77.8,78.9,75.1,71.2,59.6,0.1,-1.498036758,0.1
72,2009-12-01,1164.5,1264.5,3.25,5.81,6.89,89.269,3157.55,2375.77,174.7,281.62,3001.71,3976.05,780.19,7226.7,1274.31,7816.18,1965.51,1438.47,443.35,1058.34,226.67,2264.61,293.67,509.13,345.41,2685.44,17596.43,759.77,"2,444.50","2,440.70",1646.64,1395.24,498.35,4598833096,1.004665385,0.590889264,9.661421208,4.47046295,4.58831412,-891.958459,1,0.705,35.52,-2.7,0.13,83.9,95.3,65.1,63.4,99.6,67.9,79.2,74.1,97.1,72.7,72.7,79.5,78.5,79.5,75.2,71.4,59.9,0.1,-0.798563648,-4.34352732
73,2010-01-01,1161.8,1293.2,3.25,5.94,5.91,89.974,2975.32,2251.79,161.71,258.59,2759.62,3687.61,702.77,6374.34,1277.27,7525.16,1720.5,1379.8,424.11,1171.58,203.51,2260.06,336.25,472.2,312.94,2533.69,16955.07,715.4,"2,669.00","2,673.00",1682.16,1460.03,535.44,5003379215,1.087967124,-0.207674384,8.897564152,0.2001439,0.2447868,-892.05051,0,0.182,-83.2,-1.8,-0.1,84,95.4,65.5,63.5,99.6,68,79.7,74.3,97,72.7,72.9,79.6,78.8,79.9,75.2,71.6,60.2,0.3,2.40474368,0.3
74,2010-02-01,1160,1299,3.25,5.84,5.57,90.156,2964.05,2209.87,165.9,278.6,2837.58,3679.1,688.11,6405.09,1342.91,7175.52,1684.44,1449.18,434.75,1133.93,195.26,2331.78,306.59,467.43,309.4,2507.99,16905.4,738.86,"2,669.00","2,673.00",1598.96,1577.91,505.32,5003379215,1.087967124,2.197069296,11.22101311,0.5001439,0.5447868,-892.15051,0,0.182,66.54,-28.7,-0.15,84.3,95.7,66.3,63.6,99.5,68,80.8,74.6,97,73,73.2,79.8,79.6,80.5,75.2,72.1,61,0.2,-1.483288996,0.2
75,2010-03-01,1131.3,1213.6,3.25,5.69,5.5,90.338,3176.14,2312.44,175.95,284.64,2998.92,3719.07,729.33,6476.22,1439.23,7986.21,1895.78,1550.64,446.76,1110.56,202.44,2566.2,313.15,499.06,332.4,2556.45,16857,782.07,"2,669.00","2,673.00",1665.5,1659.45,518.7,5003379215,1.087967124,0.7137803,9.50274035,0.7001439,0.7447868,-892.30051,0,0.364,64.79,-22.9,-0.2,84.5,95.6,67.3,63.6,99.5,68.2,81.3,74.9,96.9,73.3,73.4,79.9,80.2,81.2,75.2,72.7,61.2,0.2,-1.439018546,0.2
76,2010-04-01,1108.4,1178.2,3.25,5.49,5.4,90.702,3333.15,2306.32,172.67,299.8,3206.63,3500.58,707.89,6287.72,1401.36,8494.63,1978.57,1736.07,425.69,1034.83,182.2,2694.31,321.75,516.74,339.65,2540.27,18077.1,785.34,"2,669.00","2,673.00",1730.29,1630.61,512.86,5003379215,1.087967124,-0.725238246,7.827028113,0.9001439,0.9447868,-892.50051,0,0.091,-81.99,94.1,-0.09,84.7,95.5,68.3,63.7,99.3,68.3,82,75.2,96.6,73.5,73.7,80,80.8,81.6,75.2,73.4,61.7,0,2.074133826,0
77,2010-05-01,1202.5,1314.1,3.25,5.4,5.42,90.793,3166.8,2341.78,169.92,291.47,3098.53,3329.74,615.65,5941.99,1237.59,7847.03,1854.81,1715.14,410.6,1003.86,164.41,2658.49,301.11,462.65,307.84,2288.76,16225.28,757.43,"2,669.00","2,673.00",1648.3,1583.47,497.85,5003379215,1.087967124,1.34889558,9.42104951,0.9001439,0.9447868,-892.59051,0,-0.091,43.64,19.7,-0.08,84.7,95.1,69.3,63.8,98.9,68.5,82.5,75.7,96,73.6,74.2,80.1,81.5,82,75.1,74.3,62.4,-0.1,-1.203978536,-0.1
78,2010-06-01,1222.2,1380.6,3.25,5.32,5.47,90.702,3271.74,2436.02,181.33,302.46,3432.02,3534.59,651.93,6004.7,1295.64,7831.71,1944.85,1787.44,433.07,971.75,179.78,3045.86,297.6,471.44,315.83,2348.49,16675.93,800.15,"2,669.00","2,673.00",1691.94,1646.64,493.3,5003379215,1.087967124,0.144917044,8.059711618,0.8001439,0.8447868,-892.67051,0,0.182,39.18,-39.5,0.07,84.6,94.8,70,63.8,98.5,68.6,82.6,75.9,95.3,73.6,74.5,80.1,82.6,82.2,74.9,75.1,63.1,-0.1,-1.091152132,-0.1
79,2010-07-01,1182.7,1368.7,3.25,5.39,5.53,90.884,3370.36,2471.99,185.37,305.75,3602.69,3488.86,650.02,6388.45,1351.65,7908.25,1895.89,1860.13,458.97,1017.41,184.57,2893.95,297.92,498.52,327.76,2611.28,17408.55,846.86,"2,669.00","2,673.00",1731.12,1682.16,490.97,5003379215,1.087967124,-0.946235088,6.606842264,0.7001439,0.7447868,-892.60051,0,0.456,31.06,15.4,0.12,84.5,94.3,70.5,63.8,97.9,68.6,82.7,76,94.6,73.9,74.8,80.1,83.9,82.4,74.7,75.6,64.2,-0.1,-0.885737244,-0.1
80,2010-08-01,1198.1,1423.8,3.25,5.51,5.61,91.34,3346.82,2385.82,190.02,289.21,3921.11,3719.28,685.62,6449.96,1262.15,7386.26,1618.32,1865.97,467,915.75,189.09,2910.22,294.01,474.63,319.96,2516.4,16547.21,890.51,"2,669.00","2,673.00",1762.18,1598.96,475.35,5003379215,1.087967124,-1.831972332,5.451453746,0.6001439,0.6447868,-892.48051,0,0.728,53.57,-57.9,-0.06,84.4,93.9,71.1,63.8,97.5,68.8,83.1,76,94,74.1,75.1,80.2,84.5,82.6,74.5,76.2,64.4,0.1,-1.255181718,0.1
81,2010-09-01,1140.2,1368.1,3.25,5.45,5.82,92.068,3622.9,2540,195.74,300.26,4178.66,3889.62,769.12,7002.83,1524.24,7665.12,1713.05,2167.49,524.45,943.37,207.6,3284.86,306.76,488.41,346.8,2802,16292.19,963.7,"2,669.00","2,673.00",1815.75,1665.5,482.36,5003379215,1.087967124,-3.08715405,3.848615275,0.7001439,0.7447868,-892.54051,0,0,73.95,-14.9,-0.08,84.5,93.6,71.8,64,97.2,68.9,83.6,76.3,93.8,74.2,75.4,80.3,85.2,83,74.5,77,64.5,0.2,-1.67074273,0.2
82,2010-10-01,1125.3,1394.9,3.25,5.37,5.88,92.068,3667,2451.67,202.99,311,4242.5,3681.22,798.42,6429,1652.38,7492.54,1777.8,2417.87,511.37,950.12,218.21,3094.88,302.03,486.81,347.07,2785.88,16296.58,970.61,"2,669.00","2,673.00",1889.7,1730.29,509.94,5003379215,1.087967124,-4.75789678,1.85012909,0.9001439,0.9447868,-892.62051,0,-0.455,35.01,34.4,-0.03,84.7,93.4,72.8,64.1,97.1,69.2,84.2,76.5,93.6,74.2,76,80.3,85.8,83.3,74.6,77.9,64.7,0.4,-0.485661974,0.4
83,2010-11-01,1159.7,1379,3.25,5.34,5.87,91.613,3757.19,2466.33,197.56,289.54,4395.97,3520.46,778.83,6416.65,1489.15,8017.12,1811.68,2432.38,516.66,893.45,213.58,3157.75,307.12,486.95,324.07,2625.29,15724.08,948.91,"2,669.00","2,673.00",1924.71,1648.3,514.88,5003379215,1.087967124,-5.243558754,0.898675387,1.3001439,1.3447868,-892.65051,0,0.364,77.79,-24.9,0.06,85.1,93.3,74.3,64.5,96.9,69.6,85.2,76.9,93.5,74.3,76.7,80.5,86.4,84.1,75.1,79.8,65.3,0.4,-1.567884746,0.4
84,2010-12-01,1134.8,1393.6,3.25,5.4,5.81,91.977,4062.32,2531.42,201.46,304.13,4657.74,3794.35,821.96,6896.96,1654.23,8845.24,1794.83,2631.41,544.63,970.95,229.22,3113.33,308.86,543.85,355.99,3075.65,17225.33,988.04,"2,669.00","2,673.00",2002.5,1691.94,505.36,5003379215,1.087967124,-6.8114435,-0.89320075,1.7001439,1.7447868,-892.59051,3,1.093,89.11,-13.3,0.24,85.5,93.4,75.5,64.7,96.8,70.2,86.6,77.1,93.6,74.5,77.4,80.7,87.3,84.5,75.4,81.3,65.9,0.5,-1.754251314,-1.90252704
85,2011-01-01,1121.5,1367.9,3.25,5.64,5.94,93.07,4187.77,2452.03,201.73,302.06,5108.11,3479.59,815.49,6811.6,1547.42,9102.16,1802.45,2726.19,522.66,903.25,246.05,3135.78,285.95,526.1,324.97,2969.49,17553.92,985.68,2781.4,2798.6,2091.61,1731.12,528.6,7896397804,1.578212937,-8.565694814,-2.960382683,0.01206434,-0.15774024,-892.572561,0,0.637,-88.74,7.2,0.02,86,93.5,76.9,65,96.8,70.8,87.8,77.6,93.8,74.8,78,80.9,88,85,75.9,82.9,66.6,0.8,3.044891276,0.8
86,2011-02-01,1128.7,1382.2,3.25,5.66,5.84,93.707,3951.28,2376.33,193.58,263.26,4628.65,3358.24,776.28,6800.26,1357.92,8605.42,1643.27,2606.84,474.76,864.45,201.12,2775.29,272.69,504.46,310.42,2658.3,17437.41,904.73,2781.4,2798.6,2002.87,1762.18,517.58,7896397804,1.578212937,-5.520803538,-0.502199261,0.81206434,0.64225976,-892.552561,0,0.365,-0.2,-32,0.12,86.8,93.8,78.7,65.8,96.8,72.1,89.9,78.4,94.2,75.4,79.4,81.3,89.7,85.7,76.1,85.1,67.2,1,1.00505948,1
87,2011-03-01,1096.7,1325.6,3.25,5.78,5.69,94.072,4364.06,2617.26,206.62,278.51,5575.02,3531.11,829.39,7534.52,1501.18,8674.83,1784.3,3030.97,516.01,850.4,216.85,2957.34,275.34,526.74,343.22,2684.69,17920.19,991.04,2781.4,2798.6,2002.67,1815.75,510.59,7896397804,1.578212937,-4.515744058,-0.397335201,1.81206434,1.64225976,-892.432561,0,0.091,150.46,-25.2,-0.08,87.8,93.9,80.9,66.7,96.9,73.8,91.8,79.9,94.6,76.1,81.4,82.1,90.8,86.7,77.1,88.7,67.3,1.3,-2.506246804,1.3
88,2011-04-01,1071.5,1314.1,3.25,5.7,5.49,94.163,4603.2,2771.47,216.75,280.13,6148.63,3474.97,835.94,7388.59,1436.93,8585.7,1668.38,3452.65,541.75,812.85,226.64,2800.97,275.13,525.08,351.5,2784.78,17124.7,1056.98,2781.4,2798.6,2153.13,1889.7,528.44,7896397804,1.578212937,-7.021990862,-4.056567539,3.11206434,2.94225976,-892.512561,0,0.182,-31.26,7.7,0.06,89.1,93.9,84.7,67.9,96.9,76.5,93.3,81.4,94.8,77.5,82.7,83.4,92.4,87.9,78,95,67.6,0.2,0.990796724,0.2
89,2011-05-01,1079.2,1326.1,3.25,5.76,5.4,94.345,4527.85,2824.6,231.77,251.52,6158.12,3284.24,814.32,6962.4,1333.91,8360.13,1552.9,3441.61,558.57,922.71,206.51,2732.28,266.67,482.48,332.79,2402.93,16047.38,1047.56,2781.4,2798.6,2121.87,1924.71,494.71,7896397804,1.578212937,-6.031194138,-3.296314961,3.31206434,3.14225976,-892.452561,0,0.182,-47.23,-11.5,0.04,89.3,93.9,85.6,68.2,96.8,77.4,92.6,81.8,94.8,77.1,82.9,84,93,89.1,78.1,95.7,67.5,0.6,1.794796202,0.6
90,2011-06-01,1067.7,1328.2,3.25,5.8,5.32,94.527,4361.97,2859.93,237.98,259.93,5905,3441.93,815.46,7335.81,1362.39,7603.65,1462.07,3342.85,556.03,886.07,221.74,2833.79,276.41,499.72,332.87,2402.72,17739.93,1007.46,2781.4,2798.6,2074.64,2002.5,469.03,7896397804,1.578212937,-4.236397936,-2.247667192,3.91206434,3.74225976,-892.412561,0,0.455,75.42,-13.2,0.06,89.9,93.8,86.9,68.9,96.7,79,94.7,82.9,94.8,79,84.1,84.7,94.2,90.5,78.7,97,67.8,0.4,-1.507929908,0.4
91,2011-07-01,1054.5,1360.3,3.25,5.86,5.39,94.982,4391.42,3181.74,254.63,278.7,5992.43,4071.2,835.29,7481.65,1509.55,7606.58,1634.67,3240.53,584.52,819.57,229.77,2881.16,258.64,508.61,324.16,2496.76,17793.29,1080.02,2781.4,2798.6,2150.06,2091.61,511.55,7896397804,1.578212937,-5.744327844,-4.181904218,4.31206434,4.14225976,-892.352561,0,0.638,-280.65,12.3,-0.02,90.3,93.7,88,69.6,96.4,80.3,96.8,83.8,94.8,80.6,86.1,85.5,95.5,90.7,79.2,98,68.3,0.6,7.69971531,0.6
92,2011-08-01,1066.8,1393.4,3.25,5.84,5.51,95.62,3803.64,3087.71,246.01,279,5041.36,3598.41,754.05,6624.13,1275.52,6486.63,1389.37,2808,559.56,734.6,197.06,2700.2,255.96,446.35,283.25,2094.35,16186.1,971.06,2781.4,2798.6,1869.41,2002.87,488.16,7896397804,1.578212937,1.955387466,2.543587977,4.91206434,4.74225976,-892.372561,0,-0.091,-78.46,111.3,-0.08,90.9,93.6,89.1,70.4,96.2,81.8,98.5,84.6,94.8,84.5,87.7,86.5,97,91.4,79.8,99.2,68.6,0.6,2.584834004,0.6
93,2011-09-01,1178.1,1539,3.25,5.76,5.45,95.529,3638.24,2727.13,208.26,229.78,4328.78,3324.24,602.02,5742.89,1202.81,7000.42,1106.11,2713.08,514.75,684.18,167.15,2274.66,256.64,410.77,248.42,1713.46,15861.77,907.26,2781.4,2798.6,1790.95,2002.67,461.47,7896397804,1.578212937,4.54022147,4.351758715,5.51206434,5.34225976,-892.452561,0,-0.182,34.93,-68.1,0.01,91.5,93.5,90.2,71.4,95.9,83.7,99.9,85.5,94.9,86,89.6,87.4,98.8,92.3,80.6,100.4,69.3,0.4,-0.483638182,0.4
94,2011-10-01,1110,1398,3.25,5.77,5.37,95.347,3959.09,2952.47,221.63,247.13,4758.35,3539.2,602.24,6129.8,1288.14,8002.55,1297.89,2831.04,521.9,804.15,184.13,2563.7,261.05,434.71,274.04,1874.46,16262.85,975.38,2781.4,2798.6,1825.88,2153.13,471.45,7896397804,1.578212937,4.056583288,3.302250636,5.91206434,5.74225976,-892.442561,0,0.091,32.92,33,0.06,91.9,93.3,90.9,72.1,95.5,84.8,100.8,86.5,95,87,91,88.6,100,93.3,81.4,101.3,70.5,0.4,-0.432790408,0.4
95,2011-11-01,1143,1467.8,3.25,5.83,5.34,95.438,3870.62,3008.13,222.8,240.16,4482.73,3342.76,616.45,5839.23,1251.61,8209.34,1230.41,2671.51,491.14,801.77,168.46,2391.68,260.31,411.15,267.95,1656.44,16238.32,941.28,2781.4,2798.6,1858.8,2121.87,497.85,7896397804,1.578212937,3.62379288,2.40162636,6.31206434,6.14225976,-892.382561,0,0.364,4.43,8,-0.14,92.3,93.2,92,73.2,95.2,85.5,101.1,88.8,95,88.3,92,90.1,101.3,95.4,82.6,102,71.5,0.2,0.087932518,0.2
96,2011-12-01,1151,1481.2,3.25,5.69,5.4,95.802,3866.52,3103.3,222.74,251.22,4369.45,3395.62,645.29,5754.16,1225.93,8496.53,1386.32,2581.73,490.69,825.58,175.64,2312.48,254.57,398.12,236.44,1697.49,15984.28,880.64,2781.4,2798.6,1863.23,2074.64,501.07,7896397804,1.578212937,3.711725398,2.093887431,6.51206434,6.34225976,-892.522561,-2,0.382,27.78,-28,0.1,92.5,93,92.3,73.6,95,85.9,100.9,89.7,94.9,88.8,92.8,90.6,102,97,83.3,102.1,72.6,0.3,-0.402761772,-1.61666568
97,2012-01-01,1123,1474.5,3.25,5.79,5.64,96.184,4137.84,3122.05,236.89,257.49,4823.35,3585.65,669.5,6444.47,1287.66,9119.75,1265.77,2693.19,517.42,887.48,191.56,2539.6,243.5,435.59,245.36,2069.09,16162.63,944.87,"2,868.80","2,898.80",1891.01,2150.06,516.72,8350329368,1.057485904,3.308963626,1.218269497,5.11065728,4.72559408,-892.644612,0,0.365,112.22,-5,-0.08,92.8,92.8,92.2,75.2,94.8,86.8,100.5,90.8,94.6,90.6,93.4,91.5,103.4,98.2,84.4,102.3,74.1,0,-2.838874228,0
98,2012-02-01,1118,1393.5,3.25,5.71,5.66,96.549,4334.59,3194.71,239.6,288.03,4909.28,3339.53,746.35,6683.49,1396.2,9845.67,1326.64,2807.91,528.6,807.84,203.14,2617.54,244,443.53,252.25,2141.06,16526.06,990.51,"2,868.80","2,898.80",2003.23,1869.41,532.84,8350329368,1.057485904,0.470089398,-1.810954569,5.11065728,4.72559408,-892.724612,0,0.027,20.18,15,0.03,92.8,92.5,91.9,75.6,94.6,86.8,100,91.8,94.5,91.2,93.7,91.7,103.6,98.5,84.7,102.1,76.1,0,-0.510501532,0
99,2012-03-01,1133,1383.1,3.25,5.74,5.78,96.576,4314.66,3219.19,229.18,272.16,4722.29,3308.52,726.85,6103.66,1284.04,10161.4,1213.34,2821.31,515.44,750.65,199.2,2623.46,238.32,451.54,266.8,2041.05,17194.44,954.65,"2,868.80","2,898.80",2023.41,1790.95,532.37,8350329368,1.057485904,-0.040412134,-2.701738223,5.11065728,4.72559408,-892.694612,0,-0.009,-27.49,-3,-0.03,92.8,92.1,91.7,76.1,94.4,87.4,99.8,92.5,94.3,91.7,94.3,92.4,104.4,98.3,85.4,102.1,76.4,-0.1,0.595425526,-0.1
100,2012-04-01,1130,1410.4,3.25,5.71,5.7,96.567,4367.87,3397.75,219.27,255.06,4196.16,3086.99,660.29,5881.36,1177.11,10725.4,1391.98,3026.08,504.51,735.26,177.12,2541.55,222.65,419.2,252,1801.66,16606.79,892.11,"2,868.80","2,898.80",1995.92,1825.88,495.47,8350329368,1.057485904,0.555013392,-2.533173176,5.01065728,4.62559408,-892.724612,0,0.173,-109.57,50,-0.05,92.7,91.6,91.4,76.6,94.1,87.6,99.4,93.3,94,92.1,94.8,92.9,104.7,99,85.9,102,77.1,-0.1,2.671836118,-0.1
101,2012-05-01,1180,1498.4,3.25,5.66,5.76,96.74,4012.91,3300.4,192.85,242.6,4121.15,2951.88,583.64,5493.45,1091.97,9426.76,1055.1,2788.98,468.72,744.06,166.55,2312.64,205.61,403.35,241.28,1705.75,16099.7,845.74,"2,868.80","2,898.80",1886.35,1858.8,474.83,8350329368,1.057485904,3.22684951,-0.368397905,4.91065728,4.52559408,-892.774612,0,-0.137,-37.75,-35,-0.08,92.6,91.1,91,76.8,93.7,88.2,99.2,94,93.7,92.1,95.4,93.3,104.5,99.2,86.3,101.7,79.8,-0.3,0.65497685,-0.3
102,2012-06-01,1145,1443.3,3.25,5.58,5.8,96.603,4005.25,3314.29,183.94,248.65,4167.3,3296.8,601.72,5593.37,1139.07,9411.57,1134.82,2700.29,461.4,819.95,162.61,2465.54,216.47,407.97,248.87,1692.37,15990.53,865.91,"2,868.80","2,898.80",1848.6,1863.23,474.78,8350329368,1.057485904,3.88182636,-0.15030658,4.61065728,4.22559408,-892.854612,0,-0.218,-21.85,-15,-0.13,92.3,90.4,90.5,76.9,93.2,88.7,98.4,94.5,93.3,92.2,95.7,93.5,104.1,99.6,86.7,101.2,79.8,-0.4,0.15274819,-0.4
103,2012-07-01,1130,1445.2,3.25,5.45,5.86,96.385,4112.72,3187.09,174.59,259.15,4152.35,3359.19,590.33,5603.73,1156.98,9987.6,1173.92,2750.44,453.3,824.76,152.51,2442.93,243.61,394.07,246.88,1665.9,15583.89,892.77,"2,868.80","2,898.80",1826.75,1891.01,480.6,8350329368,1.057485904,4.03457455,-0.218908025,4.21065728,3.82559408,-892.984612,0,0.446,92.16,4,-0.23,91.9,89.8,90.1,77,92.6,88.9,97.8,94,92.7,92.1,95.7,93.8,103.7,99.6,87.1,100.7,79.8,-0.3,-2.631408384,-0.3
104,2012-08-01,1134,1446.4,3.25,5.22,5.84,96.831,4089.73,3364.06,200.79,276.72,4259.12,3593.29,642.7,5743.93,1152.65,9588.51,1525.36,2732.7,479.87,853.11,157.2,2548.43,255.61,404.53,246.13,1703.11,16839.84,942.71,"2,868.80","2,898.80",1918.91,2003.23,485.39,8350329368,1.057485904,1.403166166,-3.260266873,3.91065728,3.52559408,-893.214612,0,0.692,42.38,-22.6,-0.09,91.6,89,89.6,77.2,92,88.9,97,93.8,92,92,95.8,94.3,103.6,99.8,87.7,100.3,79.9,-0.4,-1.472103812,-0.4
105,2012-09-01,1111.4,1435.4,3.25,5.13,5.76,97.523,4294.69,3572.1,207.63,292.67,4445.67,3925.06,663.24,5993.53,1164.27,10315.16,1547.64,2796.41,499.77,983.33,164.57,2591.78,257.28,422.7,247.49,1860.12,17238.92,974.03,"2,868.80","2,898.80",1961.29,2023.41,518.73,8350329368,1.057485904,-0.068937646,-4.890961187,3.51065728,3.12559408,-893.304612,0,-0.182,-19.1,-20.7,-0.15,91.2,88.4,89.3,77.4,91.5,88.9,96.8,93.7,91.4,92,95.7,94.8,102.8,100,88.4,100.1,79.9,-0.2,0.28318034,-0.2
106,2012-10-01,1090.7,1370.7,3.25,4.98,5.77,97.341,4087.7,3833.26,203.82,272.93,4171.04,4326.13,659.92,5496.37,999.59,10185.39,1755.58,2501.65,479.74,1008.96,148.98,2532.25,266.27,408.6,232.5,1683.99,17237.27,932.91,"2,868.80","2,898.80",1942.19,1995.92,523.96,8350329368,1.057485904,0.214242694,-5.026443457,3.31065728,2.92559408,-893.454612,0,-0.346,-37.49,-7.8,-0.04,91,87.8,89.1,77.6,90.9,88.9,96.9,93.7,90.8,91.9,95.8,95.2,102.4,100.1,88.8,100.1,79.9,-0.2,0.748399526,-0.2
107,2012-11-01,1082.9,1314.7,3.25,4.94,5.83,96.995,4179.93,3832.46,209.38,285.77,4157.18,4136.87,648.78,5325.71,976.87,10834.95,1263.29,2516.68,480.06,986.95,148.67,2429.3,268.09,394.45,223.74,1692.43,16449.14,958.47,"2,868.80","2,898.80",1904.7,1886.35,503.9,8350329368,1.057485904,0.96264222,-4.51467541,3.11065728,2.72559408,-893.494612,0,0.173,69.14,-12.3,-0.1,90.8,87.4,89,77.8,90.4,89,97.1,94,90.4,91.9,96,95.6,101.7,99.7,89.3,100,79.8,-0.3,-2.049062236,-0.3
108,2012-12-01,1070.6,1238.3,3.25,4.84,5.69,97.168,4325.41,3896.71,211.37,277.92,4340.66,4105.26,655.83,5579.03,1052.03,11429.91,1197.38,2514.17,493.36,1063.83,155.13,2436.12,265.24,416.9,231.71,1842.06,16679.51,962.2,"2,868.80","2,898.80",1973.84,1848.6,488.59,8350329368,1.057485904,-1.086420016,-6.796180952,2.81065728,2.42559408,-893.594612,1,0.583,12.26,18.4,0.16,90.5,86.8,88.7,78.4,89.8,89.3,97.2,93.7,89.9,92,96.2,96.3,100.6,99.6,89.8,99.7,79.4,-0.3,-0.610146124,-2.14206492
109,2013-01-01,1089,1197.6,3.25,5,5.79,97.751,4148.97,3954.15,198.51,298.32,4111.31,4370.16,747.27,5461.73,1039.26,10889.94,1586.41,2379.03,493.32,1089.09,157.4,2376.3,282.72,434.81,236.74,1883.28,17409.32,964.05,"2,976.10","2,995.10",1986.1,1826.75,508.58,8564510592,1.025649434,-1.69656614,-7.59434783,0.42185891,0.28352916,-893.656663,0,0.327,-6.25,-6,-0.09,90.2,86.3,88.4,78.9,89.1,89.3,97.2,93.6,89.3,91.8,96.1,96.8,99.9,99.5,90.4,99.3,79.2,-0.2,-0.04189125,-0.2
110,2013-02-01,1083,1172,3.25,4.91,5.71,98.078,4327.31,4158.99,212.84,303.94,4121.13,4531.24,763.48,5464.51,1018.81,11592.48,1561.04,2514.62,494.76,1115.62,154.03,2288,291.6,444.34,246.75,1945.46,17228.08,996.62,"2,976.10","2,995.10",1979.85,1918.91,515.55,8564510592,1.025649434,-1.73845739,-7.742345955,0.22185891,0.08352916,-893.746663,0,-0.091,10.39,28,-0.14,90,86,88.2,79.1,88.6,89.4,97.2,93.4,88.9,91.6,96.1,97,99.8,99.3,90.8,99.1,79.2,-0.1,-0.362839986,-0.1
111,2013-03-01,1111,1181.5,3.25,4.77,5.74,97.987,4293.2,4222.37,227.83,340.68,3953.8,4739.09,761.52,5175.05,1055.52,11606.33,1832.92,2503.22,513.53,1067.06,153.49,2094.5,290.35,432.49,241.44,1872.17,16940.98,983.64,"2,976.10","2,995.10",1990.24,1961.29,547.08,8564510592,1.025649434,-2.101297376,-8.195033872,0.12185891,-0.01647084,-893.886663,0,-0.136,-51.36,-10,-0.04,89.9,85.8,88.1,79.3,88.2,89.5,97.2,93.3,88.6,91.3,96.1,97.2,99.6,99.1,91.4,99.1,79.1,0.2,1.499274464,0.2
112,2013-04-01,1101,1126.6,3.25,4.73,5.71,97.851,4198.1,4519.91,244.61,391.85,3827.05,4902.18,747.56,5007.68,998.91,11620.51,1920.42,2279.26,502.64,1112.89,128.73,1920.29,313.95,421.62,233.53,1806.84,17163.13,977.36,"2,976.10","2,995.10",1938.88,1942.19,551.68,8564510592,1.025649434,-0.602022912,-6.745943264,0.32185891,0.18352916,-893.926663,0,0,35.57,28.7,-0.11,90.1,86,88.1,80.2,88.4,89.8,97.5,93.4,88.6,91.4,96.4,97.5,99.7,98.8,92,99.4,79.3,0.2,-0.699828518,0.2
113,2013-05-01,1129.7,1120.2,3.25,4.62,5.66,97.851,4289.98,4100.49,245.11,375.77,3903.65,4622.48,795.33,5119.67,1062.4,11804.37,1733.11,2439.16,488.52,941.22,145.95,1959,341.03,433.54,233.49,1870.68,17428.48,998.19,"2,976.10","2,995.10",1974.45,1904.7,571.9,8564510592,1.025649434,-1.30185143,-7.411016335,0.52185891,0.38352916,-894.036663,0,-0.119,-90.04,12.3,-0.1,90.3,86.2,88.2,81,88.5,90,97.6,93.4,88.8,91.5,96.6,97.9,99.6,98.7,92.8,99.6,79.2,0.1,2.377777896,0.1
114,2013-06-01,1142,1156.3,3.25,4.52,5.58,97.732,3962.26,3707.84,225.73,348.17,3590.39,4215.3,727.45,4676.1,984.11,10449.54,1693.4,2472.63,465.67,921.52,131.81,1909.25,334.58,407.26,205.29,1670.32,17299.48,926.24,"2,976.10","2,995.10",1884.41,1973.84,530.76,8564510592,1.025649434,1.075926466,-5.421216523,0.62185891,0.48352916,-894.136663,0,0.21,-12.64,-18.5,0.08,90.4,86,88.1,81.9,88.5,90.1,97.7,93.5,88.8,91.3,96.6,98.1,99.3,98.5,93.6,99.7,79.3,0,0.319759136,0
115,2013-07-01,1123.5,1148,3.25,4.6,5.45,97.942,4041.93,3855.91,227.65,340.74,3911.13,4825.8,735.81,5022.29,1036.83,10056.37,1867.25,2584.02,483.23,1007.23,133.55,1946.02,353.35,421.25,212.98,1667.45,17570.47,959.68,"2,976.10","2,995.10",1871.77,1986.1,534.23,8564510592,1.025649434,1.395685602,-5.613807931,0.62185891,0.48352916,-894.056663,0,0.346,25.19,-13.5,-0.05,90.4,85.5,88,83.2,88.4,90,97.4,93.6,88.6,91.2,96.7,98.4,99.1,98.2,94.8,99.7,79.3,-0.2,-0.837241506,-0.2
116,2013-08-01,1110,1130.6,3.25,4.55,5.22,98.288,4140.41,3588.17,210.92,322.59,3854.14,4392.41,723.83,5103.27,1055.37,10582.76,1790.44,2699.35,468.81,1033.9,130.57,1941.58,350.37,412.46,211.22,1540.31,17451.65,930.27,"2,976.10","2,995.10",1896.96,1979.85,540.91,8564510592,1.025649434,0.558444096,-6.626436288,0.42185891,0.28352916,-894.106663,0,0.191,87.43,-35.3,-0.01,90.2,85.1,87.9,83.9,88.3,90,97.2,93.4,88.4,91.2,96.7,98.5,98.9,97.9,95.3,99.6,79.1,0.1,-2.111751682,0.1
117,2013-09-01,1074.7,1098.3,3.25,4.54,5.13,98.479,4266.54,3812.58,226.83,331.01,4124.16,4638.52,776.72,5229.15,1132.86,10632.62,1883.01,2794.1,502.78,1034.87,140.61,2038.02,340.43,430,222.28,1630.61,17454.44,989.33,"2,976.10","2,995.10",1984.39,1990.24,527.96,8564510592,1.025649434,-1.553307586,-8.652760117,0.52185891,0.38352916,-894.116663,0,-0.3,45.29,-14,-0.08,90.3,85.2,87.8,84.4,88.4,90,97.1,93.4,88.4,91.2,96.8,98.7,98.8,97.7,95.9,99.6,78.9,0.4,-0.745719246,0.4
118,2013-10-01,1060.7,1078.7,3.25,4.46,4.98,98.179,4342.44,3805.82,232.7,348.59,4171.66,4539.91,774.51,5164.92,1090.29,11152.38,1827.34,2777,520.32,1016.28,137.23,1969.37,348,445.47,228.96,1629.95,17666,990.29,"2,976.10","2,995.10",2029.68,1938.88,530.55,8564510592,1.025649434,-2.299026832,-9.354226504,0.92185891,0.78352916,-894.196663,0,-0.019,-19.76,-2.5,0.04,90.7,85.6,88,85.2,89.1,90.1,97.3,93.7,88.8,91.5,97,99.3,98.8,97.7,96.8,99.8,78.9,0.3,0.799876624,0.3
119,2013-11-01,1058.2,1035,3.25,4.5,4.94,98.16,4373.75,3725.31,245.01,343.45,4135.77,4419.02,784,5109.57,1005.94,11400.22,1829.39,2810.01,524.01,1111.95,134.82,1855.69,335.89,438.52,214.21,1566.32,18038.68,1030.5,"2,976.10","2,995.10",2009.92,1974.45,513.81,8564510592,1.025649434,-1.499150208,-8.773657376,1.22185891,1.08352916,-894.156663,0,0.119,-21.59,-2.8,0.02,91,85.7,88.1,86.2,89.5,90.3,97.5,93.9,89,91.8,97.2,100.1,99,97.6,97.6,99.9,78.8,0.2,0.746170866,0.2
120,2013-12-01,1055.4,1002.3,3.25,4.52,4.84,98.279,4204.21,3872.73,243.98,329.12,4149.54,4227.26,782.63,5180.48,962.83,10693.84,1789.69,2657.58,525.51,1178.16,129.71,1899.19,334.38,452.48,227.04,1518.14,18372.19,1047.2,"2,976.10","2,995.10",1988.33,1884.41,496.17,8564510592,1.025649434,-0.752979342,-8.248582099,1.42185891,1.28352916,-894.136663,2,0.528,-40.11,15,0.01,91.2,85.7,88.2,87.4,89.7,90.3,97.7,93.9,89.2,92.1,97.5,100.7,99,97.4,98.4,100,78.9,0.3,1.314678714,-1.60710148
121,2014-01-01,1070.4,1035.9,3.25,4.53,5,98.807,4040.89,3809.1,238.7,327.46,3927.01,4476.57,820.62,4882.35,972.82,10126.63,1957.47,2597.1,511.7,1183.73,126.42,1957.24,321.66,434.84,233.61,1489.19,17944.49,1011.76,"3,079.90","3,094.80",1948.22,1871.77,512.44,9060836021,1.057951406,0.561699372,-6.973094866,-0.29880531,-0.32357232,-894.348714,0,0.264,-10.49,-2.9,-0.08,91.5,86,88.3,88.7,90,90.3,98.1,94,89.5,92.3,97.9,101.3,99,97.2,100,100.1,79.4,0.3,0.565369726,0.3
122,2014-02-01,1067.5,1049.5,3.25,4.45,4.91,99.071,4123.43,3913.63,241.82,336.5,3962.88,4565.62,944.19,4693.67,970.81,10514.61,1944.47,2634.67,508.41,1237.45,138.16,1982.48,318.1,431.87,254.1,1496.45,17257.13,1062.21,"3,079.90","3,094.80",1937.73,1896.96,521.33,9060836021,1.057951406,1.127069098,-6.417974919,0.00119469,-0.02357232,-894.428714,0,0.182,14.7,-2.8,0.01,91.8,86.3,88.4,89.5,90.3,90.6,98.1,94.1,89.8,92.3,98,101.6,98.9,97.1,100.9,100.3,79.6,0.4,0.02812822,0.4
123,2014-03-01,1064.7,1035,3.25,4.46,4.77,99.253,4152.48,3908.37,250.92,338,3923.78,4404.01,1025.96,4837.26,1032.24,10510.89,2139.46,2680.2,505.84,1203.58,137.82,1967.62,315.02,431.59,252.28,1509.73,17440.06,1064.3,"3,079.90","3,094.80",1952.43,1984.39,541.28,9060836021,1.057951406,1.155197318,-6.475483329,0.40119469,0.37642768,-894.418714,0,0.064,38.76,-31.5,-0.04,92.2,86.6,88.5,90.1,90.9,90.8,98.1,94.4,90.3,92.3,98.3,102.1,99,96.9,101.5,100.5,79.4,0.1,-0.880527224,0.1
124,2014-04-01,1033.2,1009.2,3.25,4.42,4.73,99.317,4095.94,4028.74,249.14,334.6,3914.82,4433.83,1038.55,4935.75,973.72,10648.2,2112.75,2456.3,506.95,1281.47,137.68,1926.1,320.92,421.74,237.91,1549.07,17096.33,1038.71,"3,079.90","3,094.80",1991.19,2029.68,559.97,9060836021,1.057951406,0.274670094,-7.418138157,0.50119469,0.47642768,-894.458714,0,0.164,2.94,-13.1,-0.02,92.3,86.6,88.6,90.7,91.1,91,97.9,94.7,90.2,92.2,98.5,102.5,98.9,96.9,102.1,100.7,79.4,0,-0.074374356,0
125,2014-05-01,1020.1,1003.8,3.25,4.4,4.62,99.481,4204.17,4155.19,258.35,336.2,3946.89,4346.21,1066.19,4918.05,987.67,11340.74,2179.51,2420.24,505.4,1253.15,131.82,1998.5,316.82,424.37,261.9,1518.84,17456.83,1054.94,"3,079.90","3,094.80",1994.13,2009.92,551,9060836021,1.057951406,0.200295738,-7.489639839,0.50119469,0.47642768,-894.478714,0,-0.128,0.95,-8.3,0,92.3,86.6,88.6,91.1,91.2,91,97.8,95,90.2,92.2,98.7,102.8,98.7,96.7,102.5,100.9,79.5,0.1,0.07596747,0.1
126,2014-06-01,1011.8,999,3.25,4.4,4.52,99.353,4173.9,4332.4,265.24,330.84,4099.72,4407.93,1165.47,5117.97,969.65,10852.81,1733.22,2403.57,521.14,1203.73,138.4,2020.68,330.09,429.65,252.83,1542.78,17381.45,1084.71,"3,079.90","3,094.80",1995.08,1988.33,532.72,9060836021,1.057951406,0.276263208,-7.612744124,0.60119469,0.57642768,-894.478714,0,0.146,26.87,16.1,-0.01,92.4,86.5,88.7,91.4,91.2,91.1,97.7,95.4,90.1,92.1,98.9,103.2,98.6,96.5,102.8,101.1,79.3,0,-0.679741138,0
127,2014-07-01,1027.9,1000.6,3.25,4.39,4.6,99.499,4265.2,4430.25,268.45,337.83,4146.74,4273.73,1138.89,5581.5,973.36,10916.06,1727.21,2489.29,534.98,1355.87,153.6,2067.79,362.67,476.48,288.63,1866.18,18473.47,1078.82,"3,079.90","3,094.80",2021.95,1948.22,554.68,9060836021,1.057951406,-0.40347793,-8.266230585,0.60119469,0.57642768,-894.488714,0,0.173,38.98,-13.9,-0.21,92.4,86.5,88.8,91.6,91.3,91.2,97.7,95.9,90.1,92,99.2,103.6,98.4,96.2,103,101.2,79.3,0.2,-0.786092652,0.2
128,2014-08-01,1014,976.7,3.25,4.18,4.55,99.672,4142.74,4667.82,299.22,347.84,4098.5,4371.75,1250.19,5538.5,952.07,10262.92,1759.27,2428.58,562.52,1328.76,149.33,2325.92,381.72,490.2,329.09,1971.86,18701.68,1110.03,"3,079.90","3,094.80",2060.93,1937.73,556.76,9060836021,1.057951406,-1.189570582,-9.114235879,0.80119469,0.77642768,-894.698714,0,-0.064,-18.22,41.2,-0.04,92.6,86.6,88.9,92,91.5,91.4,97.7,96.3,90.3,92,99.4,103.8,98.3,96,103.2,101.5,79.5,0.3,0.760918628,0.3
129,2014-09-01,1055.2,965,3.25,4.14,4.54,99.608,3953.6,4774.29,329.86,357.79,4039.88,4693.72,1254.69,5388.87,891.5,9831.64,1890.82,2139.04,565.15,1465.93,143.96,2361.21,400.84,470.92,298.71,1851.98,18589.18,1144.96,"3,079.90","3,094.80",2042.71,1952.43,573.43,9060836021,1.057951406,-0.428651954,-8.371120013,1.10119469,1.07642768,-894.738714,0,-0.3,-99.91,13.3,-0.14,92.9,86.9,89.1,92.4,91.8,91.6,97.9,96.6,90.8,92.1,99.8,104,98.3,95.9,103.6,101.7,79.7,0.3,2.827463234,0.3
130,2014-10-01,1068.5,963.1,3.25,4,4.46,99.308,3854.01,4548.22,332.51,348.8,3776.43,4673.64,1267.72,5058.22,842.88,10116.3,1779.7,1960.32,526.29,1404.11,128.3,2246.74,370.72,480.67,293.11,1893.54,19676.4,1103.71,"3,079.90","3,094.80",1942.8,1991.19,557.55,9060836021,1.057951406,2.39881128,-5.54127884,1.40119469,1.37642768,-894.878714,0,-0.2,16.85,39.4,-0.12,93.2,87.3,89.3,92.9,92.1,91.8,98.2,96.9,91.2,92.2,100.3,104.5,98.4,95.9,104,102.1,80.1,0.3,-0.12626119,0.3
131,2014-11-01,1107.9,937.2,3.25,3.88,4.5,99.108,3934.47,4455.14,314.52,325.24,3876.14,4547.01,1263.3,5053.14,823.55,10464.94,1723.79,2019.84,519.29,1410.89,122.93,2302.29,380.9,472.64,261.34,1927.2,20252.38,1098.68,"3,079.90","3,094.80",1959.65,1994.13,542.29,9060836021,1.057951406,2.27255009,-5.851075895,1.70119469,1.67642768,-894.998714,0,-0.01,-17.72,-8.6,0.03,93.5,87.4,89.5,93.6,92.4,91.9,98.3,97.1,91.4,92.3,100.8,104.9,98.4,95.8,104.4,102.4,80.5,0.2,0.648269928,0.2
132,2014-12-01,1099.3,913,3.25,3.91,4.52,99.098,3873.57,4212.51,402.3,319.83,3694.01,4491.17,1339.04,4735.92,815.34,10583.95,1736.8,1917.14,489.38,1303.55,118.66,2423.58,369.59,441.4,244.62,1761.17,19319.87,1031.4,"3,079.90","3,094.80",1941.93,1995.08,539.52,9060836021,1.057951406,2.920820018,-5.420120179,1.90119469,1.87642768,-894.968714,1,0.672,-20.94,-5.8,-0.01,93.7,87.4,89.7,94.3,92.5,92.3,98.3,97.4,91.6,92.6,101.2,105.1,98.3,95.7,104.9,102.7,81.5,0.2,0.729727556,-2.96383736
133,2015-01-01,1093.5,928.3,3.25,3.9,4.53,99.77,3969.16,4544.54,358.46,332.98,4029.89,4611.43,1528.65,4671.15,827.63,10907.41,1710.76,1887.01,477.5,1298.25,125.9,2294.3,386.77,437.2,219.91,1871.81,18934.64,1067.13,"3,250.10","3,260.20",1920.99,2021.95,577.28,9586568769,1.058022543,3.650547574,-4.810853097,-1.21207169,-1.08740968,-895.200765,0,-0.06,40.01,4.9,-0.04,93.9,87.5,89.8,94.8,92.6,92.6,98.3,97.5,91.8,92.7,101.5,105.3,98.2,95.6,105.3,102.9,82.5,0.3,-0.712148974,0.3
134,2015-02-01,1098.4,921.7,3.25,3.86,4.45,99.71,4045.28,4615.31,415.21,356.12,4264.92,4829.65,1619.31,4812.21,887.73,10857.65,1788.74,1879.52,499.77,1324.53,142.8,2336.22,385.27,433.69,231.8,2002.41,17565.22,1088.85,"3,250.10","3,260.20",1961,2060.93,605.85,9586568769,1.058022543,2.9383986,-5.4839083,-0.91207169,-0.78740968,-895.240765,0,0.01,51.62,11.1,-0.25,94.2,87.8,90,95.4,92.9,92.9,98.3,97.8,92.2,92.9,101.9,105.5,98.2,95.3,105.7,103.1,83.1,0.4,-0.905851788,0.4
135,2015-03-01,1109.5,924,3.25,3.61,4.46,99.72,4201.25,4991.14,395.58,405.41,4564.5,5843.16,1785.32,4712.92,869.33,11296.26,1915.24,1907.7,512.76,1348.55,147.99,2312.67,364.9,440.05,227.66,2315.67,17166.84,1110.26,"3,250.10","3,260.20",2012.62,2042.71,634.72,9586568769,1.058022543,2.032546812,-6.239322186,-0.51207169,-0.38740968,-895.490765,0,0.03,94.65,-37.1,-0.25,94.6,88.3,90.3,96,93.3,93.6,98.4,98,92.7,93,102.4,105.6,98.3,95.3,106.3,103.3,83.8,0.6,-1.79439891,0.6
136,2015-04-01,1072.4,904.4,3.25,3.36,4.42,99.75,4335.93,5347.88,423.28,435.83,5049.17,6795.95,1786.7,5024.32,899.91,11048.71,1961.41,1975.26,537.44,1395.45,149.28,2348.63,384.07,480.67,255.1,2725.04,18741.6,1161.27,"3,250.10","3,260.20",2107.27,1942.8,685.35,9586568769,1.058022543,0.238147902,-7.941238581,0.08792831,0.21259032,-895.740765,0,0.28,7.63,35.8,0.2,95.2,88.9,90.8,97,94,95,98.5,98.4,93.5,93.4,102.8,105.8,98.3,95.3,106.7,103.5,84.4,0.4,0.206980838,0.4
137,2015-05-01,1108.2,894.7,3.25,3.56,4.4,100.03,4267.99,5571.72,482.42,445,5026.21,8009.12,1805.79,4954.95,849.58,10567.37,2382.15,1870.67,571.7,1411.51,143.21,2274.25,334.69,472.5,250.31,2420.33,19619.6,1216.39,"3,250.10","3,260.20",2114.9,1959.65,697.55,9586568769,1.058022543,0.44512874,-7.52680247,0.48792831,0.61259032,-895.540765,0,0.02,-51.21,7.3,-0.07,95.6,89.5,91.2,98,94.6,95.7,98.5,98.7,94.1,93.7,103,106,98.3,95.3,107.1,103.7,85,0.5,1.795479854,0.5
138,2015-06-01,1115.5,912,3.25,3.49,4.4,100.05,4136.6,5601.93,453.51,420.88,5214.79,9070.86,1821.44,4781.7,831.17,9952.15,2125.71,1712.02,573.43,1366.65,145.53,2035.7,338.81,460.31,241.89,2390.92,19386.61,1246.45,"3,250.10","3,260.20",2063.69,1941.93,722.83,9586568769,1.058022543,2.240608594,-5.681359907,0.98792831,1.11259032,-895.610765,0,0.18,-5.66,54.5,-0.06,96.1,90.1,91.7,99,95.2,96.6,98.5,99.2,94.7,94,103.1,106,98.2,95.5,107.5,104,85.6,0.4,0.543183284,0.4
139,2015-07-01,1170,943.2,3.25,3.43,4.39,100.23,3973.96,5736.31,442.59,443.41,5139.57,7991.02,1904.67,4299.52,798.49,9192.61,2348.79,1720.51,572.88,1482,143.66,1906.17,352.17,453.85,234.24,2232.97,19365.93,1247.2,"3,250.10","3,260.20",2058.03,1920.99,753.83,9586568769,1.058022543,2.783791878,-5.043707009,1.38792831,1.51259032,-895.670765,0,0.14,-105.48,12.5,0.01,96.5,90.6,92,99.7,95.6,97.1,98.4,99.5,95.1,94.1,103.1,105.9,98.3,95.6,107.7,104.1,86.4,0.3,2.968369752,0.3
140,2015-08-01,1182.5,976.2,3.25,3.44,4.18,100.37,3796.05,5631.31,464.67,393.07,4777.48,7346.76,1742.29,4146.38,730.87,8645.71,2323.77,1713.91,581.56,1400.28,135.41,1881.35,340.06,426.29,223.7,1931.51,18145.46,1187.14,"3,250.10","3,260.20",1952.55,1961,698.16,9586568769,1.058022543,5.75216163,-1.978401765,1.68792831,1.81259032,-895.660765,0,-0.26,-12.97,2.8,-0.01,96.8,91.1,92.2,100.5,95.9,97.5,98.4,99.8,95.6,94.3,103.3,105.9,98.4,95.7,108.1,104.2,87.1,0.4,0.728107278,0.4
141,2015-09-01,1185.3,988.2,3.25,3.43,4.14,100.11,3858.93,5587.73,398.65,396.79,5021.86,6999.91,1701.26,3881.55,737.23,8925.4,2430.71,1835.81,569.17,1422.84,133.04,2017.78,366.57,429.57,230.21,1894.71,18672.61,1175.55,"3,250.10","3,260.20",1939.58,2012.62,672.04,9586568769,1.058022543,6.480268908,-1.062967474,2.08792831,2.21259032,-895.670765,0,0,80.99,-45.2,-0.01,97.2,91.7,92.5,101.5,96.2,97.8,98.3,100.3,96,94.7,103.5,105.9,98.6,95.8,108.6,104.4,88,0.5,-1.548836426,0.5
142,2015-10-01,1140.1,941,3.25,3.42,4,100.11,4102.56,5331.48,398.24,414.95,5070.01,7611.9,1579.87,3963.1,798.57,10185.96,2463.9,1877.53,535.04,1482.2,125.94,1863.54,339.19,451.23,239.37,1879.52,20386.8,1191.24,"3,250.10","3,260.20",2020.57,2107.27,683.14,9586568769,1.058022543,4.931432482,-2.432668571,2.58792831,2.71259032,-895.680765,0,-0.19,-13.79,18,0.02,97.7,92.3,93,102.3,96.6,98.2,98.4,100.7,96.6,95,103.5,105.9,98.7,95.9,108.8,104.6,88.8,0.4,0.748851146,0.4
143,2015-11-01,1158.1,943.7,3.25,3.44,3.88,99.92,4058.85,5507.7,386.74,385.04,5233.17,8713.78,1500.18,3770.32,851.7,9842.13,2452.03,1809.2,517.75,1409.69,117.68,1737.81,332.91,424.45,228.7,1792.83,19291.79,1208.51,"3,250.10","3,260.20",2006.78,2114.9,680.23,9586568769,1.058022543,5.680283628,-1.497291634,2.98792831,3.11259032,-895.660765,0,0.3,-35.25,14.4,0.02,98.1,92.9,93.7,102.8,97,98.8,98.5,101.1,97,95.5,103.4,106,98.8,96.2,108.9,104.7,90,0.2,1.09173335,0.2
144,2015-12-01,1172.5,974.1,3.37,3.46,3.91,100.22,4023.15,5736.92,377.35,381.52,5346.66,8448.15,1494.8,3739.77,831.55,9599.38,2259.93,1785.09,493.56,1423.88,107.79,1733.11,311.19,417.68,212.78,1746.75,20032.26,1191.02,"3,250.10","3,260.20",1971.53,2063.69,665.95,9586568769,1.058022543,6.772016978,-0.240001059,3.18792831,3.31259032,-895.640765,1,0.17,-76.88,26.6,0.03,98.3,93.3,94,102.8,97.2,99,98.5,101.5,97.2,95.7,103.4,105.8,98.8,96.4,108.7,104.9,92.7,0,1.944864112,-2.8883884
145,2016-01-01,1199.1,995.1,3.5,3.49,3.9,100.39,3843.02,5943.88,380.9,356.79,5171.39,9407.28,1427.7,3689.95,796.62,8801.62,2185.84,1679.07,510.4,1478.45,119.5,1714.62,299.51,400.11,204.41,1560.58,19404.22,1195.18,"3,398.80","3,411.20",1894.65,2058.03,678.81,10198015975,1.063781653,8.71688109,1.629743605,0.29320028,0.42420192,-895.832816,0,0.43,5.96,37.6,-0.02,98.3,93.3,94,102.6,97.2,99.1,98.4,101.7,97.3,95.8,103.3,105.6,98.8,96.6,108.5,104.9,94.9,0,-0.150772504,0
146,2016-02-01,1236.7,1095.4,3.5,3.47,3.86,100.82,3888.82,5312.13,382.09,352.26,5152.38,8422.87,1476.01,4011.11,785.48,9113.7,2268.18,1739.52,504.82,1629.1,111.27,1652.81,329.57,398.32,205.03,1624.79,19393.72,1146.94,"3,398.80","3,411.20",1900.61,1952.55,651.05,10198015975,1.063781653,8.566108586,1.484794617,0.29320028,0.42420192,-895.852816,0,-0.26,75.89,-93.2,0.03,98.3,93.3,94.1,102.3,97.2,99.1,98.3,101.9,97.3,95.9,103.3,105.3,98.7,96.7,108.3,104.8,96.6,-0.1,-2.019819686,-0.1
147,2016-03-01,1143.5,1018.6,3.5,3.5,3.61,100.56,4120.66,5114.18,377.55,374.43,5551.73,9019.46,1615.26,4316.21,820.89,9866.91,2436.11,1776.43,492.72,1668.98,120.76,1678.65,312.5,422.81,218.64,1724.45,20275.32,1158.47,"3,398.80","3,411.20",1976.5,1939.58,684.44,10198015975,1.063781653,6.5462889,-0.36087295,0.19320028,0.32420192,-895.822816,0,0.19,19.67,-4.2,-0.06,98.2,93.3,94.2,101.9,97.3,99.1,98.3,102,97.3,96,103.2,105.1,98.6,96.8,108,104.8,97.4,0,-0.497599858,0
148,2016-04-01,1139.3,1062.2,3.5,3.44,3.36,100.75,4081.57,5072.76,375.85,377.48,5452.16,9070.86,1706.42,4666.46,874.31,9440.88,2509.2,1780.39,493.11,1719.2,126.68,1658.58,313.13,424.62,229.32,1741.31,19406.99,1173.07,"3,398.80","3,411.20",1996.17,2020.57,697.67,10198015975,1.063781653,6.048689042,-0.739253251,0.19320028,0.32420192,-895.882816,0,0.06,-29.49,52.4,0.01,98.2,93.4,94.3,101.5,97.3,99.3,98.3,102.2,97.3,96.2,103,104.7,98.6,96.9,107.6,104.8,97.6,0.1,0.846020326,0.1
149,2016-05-01,1191.7,1071.4,3.5,3.45,3.56,100.81,4077.86,5080.92,345.21,370.53,5375.36,10067.43,1612.48,4081.67,907.14,9714.23,2466.27,1734,467.04,1739.51,114.27,1667.62,332.76,408.38,216.62,1629.86,18727.87,1198.66,"3,398.80","3,411.20",1966.68,2006.78,693.61,10198015975,1.063781653,6.894709368,0.177952396,0.29320028,0.42420192,-895.872816,0,-0.02,10.35,-39.9,-0.14,98.3,93.6,94.5,101.3,97.4,99.2,98.3,102.3,97.3,96.4,102.9,104.4,98.6,97.1,107.1,104.7,97.6,0,-0.26182809,0
150,2016-06-01,1151.8,1122.8,3.5,3.31,3.49,100.79,4171.32,4831.31,329.24,373.01,5349.04,10442.59,1623.53,4035.74,840.47,10493.26,2282.76,1692.24,457.03,1678.66,108.63,1587.39,317.38,391.59,209.54,1606.4,17686.38,1134.33,"3,398.80","3,411.20",1977.03,1971.53,686.21,10198015975,1.063781653,6.632881278,0.226237291,0.29320028,0.42420192,-896.012816,0,-0.19,25.45,-31.6,-0.08,98.3,93.9,94.7,100.8,97.6,99.2,98.2,102.3,97.5,96.5,102.7,104.1,98.5,97.1,106.5,104.6,97.5,0,-0.64381883,0
151,2016-07-01,1120.2,1081.6,3.5,3.23,3.43,100.6,4294.83,4699.5,315.36,398.69,5250.41,9682.74,1674.69,4370.8,928.26,11264.12,2370.18,1736.97,456.19,1708.72,117.13,1571.26,335.86,409.78,222.62,1779.84,17462.68,1118.11,"3,398.80","3,411.20",2002.48,1894.65,699.41,10198015975,1.063781653,5.989062448,0.007285656,0.29320028,0.42420192,-896.092816,0,0.26,34.18,-5.4,0,98.3,94.3,94.9,100.6,97.7,99.1,98.3,102.1,97.6,96.6,102.4,103.7,98.5,97.2,106,104.4,97.6,0.1,-0.764665132,0.1
152,2016-08-01,1114.8,1080.7,3.5,3.23,3.44,100.86,4328.11,4285.91,296.14,362.43,5171.96,9261.78,1463.45,4338.97,934.16,11726.93,2312.63,1779.68,469.73,1630.13,116.32,1650.86,328.84,416.73,227.2,1656.95,18072.82,1135.88,"3,398.80","3,411.20",2036.66,1900.61,691.91,10198015975,1.063781653,5.224397316,-0.523982198,0.39320028,0.52420192,-896.092816,0,0.6,5.9,-13.5,0.04,98.4,94.6,95.3,100.2,97.9,99,98.3,101.9,97.7,96.7,102.2,103.4,98.5,97.4,105.4,104.3,97.7,0.1,-0.04925466,0.1
153,2016-09-01,1101.3,1092.3,3.5,3.27,3.43,101.46,4337.64,4453.64,310.02,369.2,5222.28,9246.37,1489.19,4307.48,933.91,11601.18,2397.43,1795.81,469.79,1540.4,117.8,1674.76,336.56,419.74,237.4,1631.97,18479.93,1159.85,"3,398.80","3,411.20",2042.56,1976.5,676.35,10198015975,1.063781653,5.175142656,-0.267471968,0.49320028,0.62420192,-896.052816,0,0.14,-6.53,43.2,0.02,98.5,95,95.8,100,98,99,98.3,101.9,97.8,96.9,102.1,103.3,98.4,97.5,105,104.2,98,0.2,0.365192022,0.2
154,2016-10-01,1144.5,1092.2,3.5,3.29,3.42,101.6,4241.92,4183.62,298.94,359.97,4987.87,7119.82,1424.12,4286.54,844.06,11789.32,2083.72,1781.49,476.87,1433.43,114.46,1589.44,335.76,443.79,260.68,1613.89,19329.12,1089.9,"3,398.80","3,411.20",2036.03,1996.17,660.04,10198015975,1.063781653,5.540334678,0.591339591,0.69320028,0.82420192,-896.032816,0,-0.15,-54.28,24.6,0,98.7,95.7,96.6,99.8,98.2,99.1,98.4,102,98,97.1,102,103,98.5,97.6,104.7,104,98.3,0.3,1.673142872,0.3
155,2016-11-01,1169.1,1037.8,3.5,3.29,3.44,101.45,4269.13,4270.55,286.61,355.88,4831.27,7321.45,1364.29,4480.9,809.95,12393.41,2022.12,1664.59,440.21,1356.75,105.54,1492.73,329.49,441.53,254.21,1539.46,19835.75,1047.98,"3,398.80","3,411.20",1981.75,1966.68,611.59,10198015975,1.063781653,7.21347755,2.411445475,0.99320028,1.12420192,-896.032816,0,0.11,39.92,38.6,0.15,99,96.2,97.4,99.8,98.4,99.2,98.5,102.1,98.3,97.4,102,102.7,98.5,97.8,104.4,103.8,98.9,0,-1.009872208,0
156,2016-12-01,1207.7,1035.4,3.64,3.44,3.46,101.56,4449.94,4141.12,291.15,362.9,5113.99,7591.6,1341.9,4683.94,861.79,12926.3,2263.55,1757.54,437.79,1318.9,111.43,1429.54,326.53,435.06,259.45,1555.79,18792.4,1049.28,"3,398.80","3,411.20",2021.67,1977.03,607.2,10198015975,1.063781653,6.203605342,1.540579099,0.99320028,1.12420192,-895.882816,1,1.08,40.06,-45.6,0.07,99,96.3,97.9,99.6,98.5,99.3,98.6,102,98.3,97.6,101.9,102.5,98.6,98,104,103.6,99.4,0,-1.013413844,-3.39337816
157,2017-01-01,1162.1,1024.1,3.75,3.51,3.49,102.64,4597.51,4156.8,277.49,371.87,5091.29,7229.07,1304.8,4868.26,822.25,14181.34,2081.31,1663.14,441.08,1270.57,109.47,1428.34,325.44,446.59,262.9,1737.86,18441.28,1037.5,"3,574.00","3,588.60",2061.73,2002.48,628.87,10920237503,1.070819807,5.190191498,0.566307881,-2.4174006,-2.26917624,-896.034867,0,0.28,21.07,-31.4,-0.06,99,96.3,98.2,99.5,98.5,99.3,98.7,101.8,98.3,97.8,101.8,102.3,98.7,98.1,103.7,103.5,99.8,0,-0.533016218,0
158,2017-02-01,1130.7,1005.8,3.75,3.45,3.47,102.92,4614.94,4373.78,282.6,369.08,5155.26,7788.73,1343.82,4878.6,814.81,13748.83,1995.16,1781.6,452.19,1307.35,118.12,1528.25,342.12,449.18,261.76,1767.14,18158.87,1058.48,"3,574.00","3,588.60",2082.8,2036.66,614.57,10920237503,1.070819807,4.65717528,0.15387916,-2.4174006,-2.26917624,-896.094867,0,-0.07,53.37,-12.3,0.03,99,96.4,98.4,99.3,98.4,99.4,98.8,101.7,98.3,97.9,101.7,102.1,98.7,98.1,103.4,103.4,99.9,0,-1.350122238,0
159,2017-03-01,1118.4,1000.4,3.88,3.48,3.5,102.85,4772.4,4310.67,281.8,364.8,5145.46,7810.91,1327.43,4907.92,835.81,14793.18,2210.83,1783.6,456.94,1362.64,120.23,1524.83,370.66,456.5,257.74,1823.31,18516.67,1109.88,"3,574.00","3,588.60",2136.17,2042.56,609.84,10920237503,1.070819807,3.307053042,-0.944095251,-2.4174006,-2.26917624,-896.064867,0,-0.13,24.01,19.5,-0.06,99,96.6,98.6,99.2,98.5,99.3,98.8,101.7,98.4,98.1,101.6,101.9,98.8,98.2,103.1,103.3,99.9,0.1,-0.507390574,0.1
160,2017-04-01,1137.9,1023.2,4,3.42,3.44,102.72,4886.2,4371.32,290.9,357.94,5127.33,7987.07,1305.46,4626.61,819.53,15823.64,2323.65,1699.03,469.58,1343.59,121.12,1515.82,361.47,471.92,281.87,1859.42,18929.97,1125.84,"3,574.00","3,588.60",2160.18,2036.03,628.86,10920237503,1.070819807,2.799662468,-1.328025654,-2.3174006,-2.16917624,-896.124867,0,0.11,141.71,-18.4,0.03,99.1,96.8,98.8,99,98.5,99.4,98.9,101.6,98.5,98.5,101.4,101.6,98.9,98.4,102.6,103.1,99.9,0.1,-3.484894554,0.1
161,2017-05-01,1119.5,1009.1,4,3.45,3.45,102.83,5185.52,4818.24,312.24,362.2,5619.21,9268.12,1440.9,4870.82,879.71,16203.98,2413.55,1884.25,512.3,1299.98,127.87,1681.66,382.4,503.49,289.98,2029.62,20481.42,1213.94,"3,574.00","3,588.60",2301.89,1981.75,642.66,10920237503,1.070819807,-0.685232086,-4.274455367,-2.2174006,-2.06917624,-896.094867,0,-0.22,70.31,24.6,-0.01,99.2,97.3,99.2,98.8,98.6,99.4,98.9,101.4,98.6,98.8,101.3,101.3,99.1,98.6,102.2,102.9,99.9,0.2,-1.578660194,0.2
162,2017-06-01,1144.1,1021.4,4.13,3.44,3.31,102.61,5346.93,4554.02,304.72,358.96,5450.91,10080.17,1351.75,5042.14,882.18,17462.65,2821.82,1820.99,499.58,1267.43,121.8,1699.85,390.5,524.61,335.91,2245.93,20176.35,1197.42,"3,574.00","3,588.60",2372.2,2021.67,667.55,10920237503,1.070819807,-2.26389228,-5.08441566,-2.0174006,-1.86917624,-896.104867,0,0.17,40.7,-25.1,0.01,99.4,98.2,99.6,98.7,98.7,99.4,98.9,101.3,98.8,99,101.1,101,99.2,98.8,102,102.6,99.7,0.2,-0.82960418,0.2
163,2017-07-01,1119,1011.9,4.25,3.45,3.23,102.78,5335.85,4469.83,304.78,334.94,5650.26,9596.4,1357.94,5507.77,873.81,17369.26,2938.55,1723.5,480.28,1344.95,121.8,1658.72,411.54,543.93,353.92,2179.83,21791.34,1176.52,"3,574.00","3,588.60",2412.9,2061.73,662.45,10920237503,1.070819807,-3.09349646,-5.57425187,-1.8174006,-1.66917624,-896.094867,0,0.59,-40.72,8.8,-0.02,99.6,98.7,99.9,98.7,98.9,99.5,99,101.1,99.1,99.2,100.9,100.9,99.3,99,101.6,102.2,99.7,0.2,1.230110128,0.2
164,2017-08-01,1127.8,1020.2,4.25,3.43,3.23,103.37,5315.28,4428.05,296.83,327.21,5842.06,9841.25,1299.77,5571.9,888,17188.85,3158.21,1638.91,449.95,1288.94,110.54,1645.11,367.35,533.58,343.17,2047.26,20997.02,1157.47,"3,574.00","3,588.60",2372.18,2082.8,645.6,10920237503,1.070819807,-1.863386332,-3.983929254,-1.6174006,-1.46917624,-896.114867,0,0.12,-0.34,17.6,0.03,99.8,99.3,100.1,99.2,99.3,99.6,99.2,100.8,99.5,99.4,100.6,100.6,99.5,99.3,101.2,101.6,100,0.1,0.108601116,0.1
165,2017-09-01,1145.4,1016.7,4.25,3.46,3.27,103.49,5515.26,4240.81,281.13,310.72,5698.48,10693.9,1185.46,5130.18,892.99,18876.18,2962.24,1636.64,434.44,1181.62,105.23,1537.02,361.03,523.02,329.59,1942.63,20500.33,1179.22,"3,574.00","3,588.60",2371.84,2136.17,657.26,10920237503,1.070819807,-1.754785216,-3.975660352,-1.5174006,-1.36917624,-896.084867,0,-0.1,111.03,-25,0,99.9,99.3,100.1,99.5,99.6,99.7,99.5,100.7,99.7,99.6,100.3,100.4,99.7,99.5,100.9,101.2,100,0,-2.808770322,0
166,2017-10-01,1120.4,991.2,4.25,3.46,3.29,103.39,5837.07,4431.02,287.26,308.18,5994.89,11528.94,1294.92,5290.53,916.17,19963.43,2955.13,1795.13,466.12,1181.84,107.41,1522.98,367.05,542.56,322.29,1993.64,22212.26,1288.17,"3,574.00","3,588.60",2482.87,2160.18,674.47,10920237503,1.070819807,-4.563555538,-6.375943261,-1.5174006,-1.36917624,-896.084867,0,-0.77,50.64,-32.2,0.09,99.9,99.6,100.1,99.8,99.8,99.9,99.7,100.4,99.8,99.8,100.2,100.3,99.9,99.7,100.4,100.7,100,0.1,-1.181060336,0.1
167,2017-11-01,1088.2,970.2,4.25,3.55,3.29,102.62,5687.52,4441.53,306.32,309.13,6065.43,11656.16,1443.25,5344.4,911.32,18715.98,3120.61,1782.16,468.29,1157.11,102.08,1478.36,374.7,542.3,325.21,2046.52,21433.31,1248.22,"3,574.00","3,588.60",2533.51,2301.89,751.04,10920237503,1.070819807,-5.744615874,-7.207523253,-1.4174006,-1.26917624,-895.994867,0,0.37,-65.78,-17.7,0.07,100,100,100,100,100,100,100,100,100,100,100,100,100,100,100,100,100,0.1,1.764062972,0.1
168,2017-12-01,1070.5,949.3,4.4,3.62,3.44,102.99,5648.76,4364.77,294.92,298.95,6071.54,12370.06,1352.51,5293.84,920.54,18795.89,3028.17,1643.03,455.45,1164.06,103.47,1406.03,377.91,540.29,325.34,1986.01,21138.28,1293.04,"3,574.00","3,588.60",2467.73,2372.2,768.16,10920237503,1.070819807,-3.980552902,-4.807733919,-1.3174006,-1.16917624,-895.924867,1,0.43,53.21,-2.6,0.07,100.1,100.8,99.9,100.2,100,100.1,100.1,99.7,100,99.9,99.8,99.8,100.1,100.1,99.6,99.6,99.8,0.1,-1.246074654,-1.62346884
169,2018-01-01,1067.9,983,4.5,3.69,3.51,103.42,5793.32,4519.07,307.05,337.45,6385.57,14179.41,1524.83,5783.55,999.13,18489.76,3058.88,1737.84,498.56,1135.9,113.87,1517.66,376.42,577.19,339.49,2402.75,22296.29,1362.9,"3,669.10","3,678.70",2520.94,2412.9,872.45,11795546504,1.080154759,-5.226627556,-4.701817082,-3.06870279,-2.79264508,-896.076918,0,0.79,-81.84,14.9,-0.01,100.2,102.2,99.7,100.4,100,100.2,100.3,99.2,100.1,99.8,99.4,99.5,100,100.4,99.1,99.1,99.4,0.2,2.270339216,0.2
170,2018-02-01,1082.8,1010.7,4.5,3.68,3.45,104.21,5565.65,4208.97,279.95,344.71,6074.11,14839.06,1369.28,5489.57,918.11,17588.77,3273.15,1671.57,456.76,1062.04,101.87,1461.37,342.15,540.16,341.29,2122.54,21048.96,1228.52,"3,669.10","3,678.70",2439.1,2372.18,863.64,11795546504,1.080154759,-2.95628834,-1.31144373,-2.86870279,-2.59264508,-896.086918,0,-0.11,12.47,-19.3,-0.01,100.4,103.6,99.5,100.6,100.1,100.4,100.5,98.7,100.3,99.7,99,99.1,99.9,100.6,98.8,98.6,99.3,0.1,-0.215458578,0.1
171,2018-03-01,1063.5,1001.7,4.58,3.67,3.48,104.1,5634,4273.76,285.77,374.29,6097.05,14672.94,1376.07,5067.77,930.8,18430.64,3416.17,1599.41,473.6,1061.96,107.74,1509.77,340.61,525.55,303.33,2075.89,19773.83,1267.3,"3,669.10","3,678.70",2451.57,2371.84,867.92,11795546504,1.080154759,-3.171746918,-0.814717871,-2.76870279,-2.49264508,-896.096918,0,0.19,6.65,4.5,-0.02,100.5,104.4,99.3,100.7,100.1,100.6,100.6,98.3,100.5,99.8,98.7,98.7,99.7,100.8,98.4,98.1,99.4,0,-0.16822771,0
172,2018-04-01,1068,978.4,4.75,3.65,3.42,104.29,5836.45,4451.48,298.91,399.69,6187.08,13863.89,1695.15,5542.42,964.35,19472.1,3270.53,1651.21,489.91,1192.37,136.84,1607.39,338.14,529.81,331.24,2162.58,19671.63,1212.98,"3,669.10","3,678.70",2458.22,2482.87,879.89,11795546504,1.080154759,-3.339974628,-0.576447866,-2.76870279,-2.49264508,-896.116918,0,0.05,3.08,9.7,0.03,100.5,104.8,99,101.1,100.1,100.8,100.6,97.7,100.6,99.5,98.2,98.1,99.6,100.9,98,97.5,99,-0.1,-0.177915992,-0.1
173,2018-05-01,1077.7,991.4,4.75,3.68,3.45,104.34,5676.43,4436.98,307.39,452.77,5882.77,13284.62,2030.56,5227.38,978.42,19184.98,3644.32,1539.81,471.58,1105.54,145.69,1463.05,327.29,495.59,311.93,2126.55,18032.94,1159.61,"3,669.10","3,678.70",2461.3,2533.51,863.84,11795546504,1.080154759,-3.51789062,-0.45135439,-2.86870279,-2.59264508,-896.086918,0,-0.21,-66.79,36.8,-0.03,100.4,105,98.7,101.3,100,101,100.6,96.7,100.6,99.1,97.6,97.6,99.3,100.9,97.5,96.6,98.7,-0.2,1.489613346,-0.2
174,2018-06-01,1114.5,1007.2,4.89,3.65,3.44,104.13,5389.21,4628.44,312.88,406.3,5792.04,13320.24,1686.87,4875.56,871.59,17805.32,3521.06,1430.69,459.65,1090.73,120.47,1341.21,347.48,481.59,320.42,1933.03,17805.02,1177.06,"3,669.10","3,678.70",2394.51,2467.73,850.6,11795546504,1.080154759,-2.028277274,1.372998447,-3.06870279,-2.79264508,-896.116918,0,-0.2,-110.26,4.2,0.02,100.2,105.2,98.4,101.4,100,101.1,100.5,95.8,100.6,98.6,97.1,97.2,99,100.9,97.1,95.8,98.6,-0.1,2.689291324,-0.1
175,2018-07-01,1118.7,1004.9,5,3.67,3.45,103.93,5323.39,4332.49,298.93,385.94,5675.43,12281.44,1644.04,4898.49,855.53,17783.86,3279.09,1464.84,431.65,1099.88,120.04,1378.95,370.21,475.12,329.31,1810.88,17914.73,1147.92,"3,669.10","3,678.70",2284.25,2520.94,793.49,11795546504,1.080154759,0.66101405,4.454554725,-3.16870279,-2.89264508,-896.096918,0,0.92,-0.45,-5.8,-0.04,100.1,105.6,98,101.5,99.8,101.3,100.5,94.8,100.5,98,96.6,96.8,98.7,100.9,96.7,95,98.5,-0.1,-0.08861617,-0.1
176,2018-08-01,1112.9,1003,5,3.63,3.43,104.85,5449.32,4063.7,327.5,444,5625.06,13665.52,1796.92,4877.01,876.74,18317.4,3405.54,1475.03,429.76,1011.3,121.21,1325.65,385.19,468.03,316.5,1849.16,17178.26,1175.72,"3,669.10","3,678.70",2283.8,2439.1,786,11795546504,1.080154759,0.57239788,5.36549886,-3.26870279,-2.99264508,-896.136918,0,0.8,23.53,-3.6,-0.02,100,106.5,97.6,101.7,99.5,101.5,100.6,93.7,100.5,97.5,96,96.4,98.5,101.1,96.1,93.9,97.8,0.3,-0.295247822,0.3
177,2018-09-01,1109.3,977.7,5.03,3.61,3.46,105.65,5393.59,4077.32,320.06,437.57,5600.71,14878.96,1896.78,4713.97,925.36,17394.1,3420.39,1546.85,452.2,1010.99,125.98,1365.18,416.7,491.16,325.61,1915.34,18265.86,1176.32,"3,669.10","3,678.70",2307.33,2451.57,824.62,11795546504,1.080154759,0.277150058,6.693242201,-2.96870279,-2.69264508,-896.156918,0,-0.19,-153.85,30.3,0.03,100.3,108.4,97.3,102,99.4,102.2,100.6,92.9,101,97,95.6,96.2,98.4,101.2,95.5,93.1,97.5,0.1,3.99200499,0.1
178,2018-10-01,1139.6,1006.5,5.25,3.64,3.46,105.46,4629.03,3665.33,257.27,351.07,4646.56,10867.84,1495.08,3972.97,736.8,15784.05,2545.36,1294.28,378.12,919.84,97.27,1234.62,387.57,438.85,309.62,1587.19,17269.98,1017.88,"3,669.10","3,678.70",2153.48,2458.22,724.95,11795546504,1.080154759,4.269155048,11.13492036,-2.86870279,-2.59264508,-896.126918,0,-0.75,-70.15,-18.4,0.02,100.4,109.1,97,102.6,99.5,102.9,101.3,91.9,101.5,96.5,94.9,95.9,98.4,101.4,94.9,92.3,97.3,0,1.77461261,0
179,2018-11-01,1121.2,988.8,5.25,3.66,3.55,104.71,4716.47,3961.63,259.91,351.57,4887.66,11381.22,1674.1,4028.74,771.38,15678.44,2462.3,1336.19,394.82,981.8,109.17,1333.94,418.78,448.83,308.11,1767.51,16711.13,1127.99,"3,669.10","3,678.70",2083.33,2461.3,687.78,11795546504,1.080154759,6.043767658,12.8409894,-2.86870279,-2.59264508,-896.106918,0,-0.36,-13.2,-5.5,0.06,100.4,109.1,96.7,103,99.7,103.2,102,90.8,101.7,95.8,94.4,95.6,98.3,101.7,94.4,91.7,97.1,-0.2,0.13392568,-0.2
180,2018-12-01,1115.7,1008.9,5.35,3.72,3.62,104.35,4579.62,3960.01,253.51,357.66,4874.93,11626.69,1661.05,4043.12,765.14,14447.02,2133.84,1420.4,393.5,1050.6,112.6,1341.29,397.99,434.35,300.61,1675.55,16303.29,1080,"3,669.10","3,678.70",2070.13,2394.51,676.49,11795546504,1.080154759,6.177693338,12.96201736,-3.06870279,-2.79264508,-896.046918,1,-0.11,31.85,-3,0.01,100.2,108.9,96.3,103.3,99.9,103.6,102.6,89.8,101.7,95.1,93.8,95.2,98.2,101.9,93.7,91,96.9,-0.3,-1.10572219,-1.38840596
181,2019-01-01,1112.7,1023,5.5,3.73,3.69,104.24,5087.28,4047.11,267.78,384.2,5142.43,11773.39,1817.81,4450.89,848.14,16947.32,2603.78,1575.98,411.92,1107.88,121.54,1402.56,373.77,451.09,293.77,1833.75,16780.72,1135.15,"3,701.40","3,735.60",2101.98,2284.25,690.46,NA,NA,5.071971148,11.78741581,-3.99748366,-4.18105104,-896.258969,0,0.45,108.22,12,-0.03,99.9,108.5,96,103.4,99.8,103.7,102.9,88.9,101.5,94.6,93.1,94.8,97.9,102,93.1,90.4,96.6,-0.3,-3.037684628,-0.3
182,2019-02-01,1124.7,1015.5,5.5,3.7,3.68,104.69,5037.85,4014.01,286.28,390.02,5275.01,11473.64,1747.23,4376.72,796.47,16675.95,2497.98,1546.37,415.66,1102.52,113.32,1435.11,375.12,453.81,291.58,1801.49,17463.2,1146.03,"3,701.40","3,735.60",2210.2,2283.8,739.71,NA,NA,2.03428652,8.75547294,-4.29748366,-4.48105104,-896.288969,0,-0.2,-48.29,10.4,-0.04,99.6,108.1,95.7,103.4,99.7,103.8,103,88.4,101.3,94.3,92.7,94.5,97.7,102,92.7,89.9,96.4,-0.3,0.921611446,-0.3
183,2019-03-01,1135.1,1025.5,5.5,3.66,3.67,104.49,4902.15,4050.36,312.5,386.45,5110.77,10302.94,1730.43,4213.82,753.79,16593.43,2533.59,1459.67,420.2,965.78,111.53,1312.44,365.61,442.16,293.58,1789.45,17090.5,1148.32,"3,701.40","3,735.60",2161.91,2307.33,742.44,NA,NA,2.955897966,9.529900227,-4.59748366,-4.78105104,-896.328969,0,0.38,50.21,33.1,-0.01,99.3,107.7,95.4,103.3,99.6,103.8,103,87.8,101,93.8,92.2,94.1,97.3,102,92.2,89.5,96.3,-0.4,-1.670182454,-0.4
184,2019-04-01,1168.2,1048.8,5.5,3.65,3.65,104.87,5097.73,3991.86,318.99,397.01,5133.95,11127.72,1691.35,4246.97,791.51,17173.67,2901.13,1633.45,424.29,929.36,111.29,1487.28,356.33,451.03,295.79,1877.8,17160.48,1159.85,"3,701.40","3,735.60",2212.12,2153.48,755.68,NA,NA,1.285715512,7.908777964,-4.99748366,-5.18105104,-896.338969,0,0.18,-125.22,22.7,-0.03,98.9,107.3,95,103.2,99.5,103.7,102.9,87.2,100.5,93.3,91.4,93.6,96.9,102.1,91.5,89.1,96.1,-0.3,2.867740428,-0.3
185,2019-05-01,1190.9,1093.3,5.5,3.62,3.68,105.05,4670.68,3645.13,292.8,381.55,4669.26,9951.76,1651.96,3969.08,737.95,15669.14,2494.93,1520.04,377.7,851.31,108.39,1447.12,358.04,427.92,289.39,1808.1,15579.44,1091.96,"3,701.40","3,735.60",2086.9,2083.33,715.13,NA,NA,4.15345594,10.75416593,-5.29748366,-5.48105104,-896.368969,0,-0.17,18.4,-36.2,-0.13,98.6,107.1,94.6,103.1,99.4,103.6,103.1,86.7,100.1,92.6,90.8,93.3,96.5,102,90.9,88.6,96,-0.3,-0.76547216,-0.3
186,2019-06-01,1154.7,1072.2,5.5,3.49,3.65,104.88,4945.3,3740.9,298.43,391.83,4733.17,10349.47,1699.23,4145.27,765.3,17071.05,2743.19,1621.48,388,844.46,113.78,1363.13,368.47,438.51,293.51,1969.14,15468.15,1112.03,"3,701.40","3,735.60",2105.3,2070.13,714.47,NA,NA,3.38798378,10.20667241,-5.59748366,-5.78105104,-896.498969,0,-0.32,-25.82,28.4,-0.09,98.3,107,94.3,103,99.4,103.5,103.5,86.3,99.8,92,90.1,93,96.1,102,90.4,88.1,95.9,-0.2,0.453178868,-0.2
187,2019-07-01,1183.1,1090.2,5.5,3.4,3.67,104.56,4710.39,3450.11,285.99,343.65,4525.94,8937.99,1506.53,3815.12,716.77,16689.78,2514.59,1538.98,353.53,901.27,98.33,1283.44,350.47,407.35,274.7,1803.42,14388.27,1106.7,"3,701.40","3,735.60",2079.48,2101.98,667.48,NA,NA,3.841162648,10.93462256,-5.79748366,-5.98105104,-896.588969,0,0.25,-135.24,28.1,-0.21,98.1,107.1,93.9,102.8,99.4,103.3,103.8,85.9,99.6,91.3,89.5,92.7,95.7,101.9,90,87.5,95.5,-0.1,3.321220376,-0.1
188,2019-08-01,1211.2,1139,5.25,3.19,3.63,104.81,4606.33,3251.38,266.49,364.67,4369.96,8538.84,1543,3638.72,709.21,16277.85,2581.63,1567.97,341.96,827.5,94.16,1290.76,342.16,379.8,259.04,1721.07,12879.06,1118.23,"3,701.40","3,735.60",1944.24,2210.2,595.05,NA,NA,7.162383024,14.32369993,-5.89748366,-6.08105104,-896.798969,0,0.39,100.97,-15,0.12,98,107.2,93.7,102.7,99.1,103.2,104.8,85.7,99.6,90.5,89,92.5,95.3,101.9,89.5,86.9,95.1,-0.1,-2.654278478,-0.1
189,2019-09-01,1196.2,1109.5,5.15,3.31,3.61,105.2,4896.77,3453.54,285.42,348.74,4461.52,8978.69,1522.35,3778.3,744.99,17780.19,2580.41,1643.24,349.36,837.46,100.16,1265.6,347.23,391.95,275.5,1767.69,13150.57,1138.31,"3,701.40","3,735.60",2045.21,2161.91,632.96,NA,NA,4.508104546,12.06807924,-5.99748366,-6.18105104,-896.678969,0,0.26,20.54,-32.8,-0.11,97.9,107.4,93.4,102.7,99.3,103.1,106.1,85.5,99.7,89.8,88.7,92.3,94.8,101.9,89.1,86.4,94.6,0.1,-0.419608596,0.1
190,2019-10-01,1163.4,1070.5,4.99,3.2,3.64,105.46,4971.85,3410.15,282.12,338.47,4559.73,10792.64,1507.52,3508.32,698.16,18208.01,2528.62,1533.29,350.33,825.45,93.38,1280.08,339.66,390.7,246.57,1678.24,12886.06,1166.28,"3,701.40","3,735.60",2065.75,2212.12,644.97,NA,NA,4.08849595,12.26854028,-5.89748366,-6.08105104,-896.788969,0,-0.59,63.04,17.8,-0.02,98,108.1,93.1,102.8,99.4,103,107.7,85.7,99.9,89.4,88.3,92.2,94.6,102,88.8,86,94.2,0.2,-1.394748096,0.2
191,2019-11-01,1181.2,1078.8,4.75,3.18,3.66,104.87,4930.53,3431.14,287.74,330.44,4479.44,10229.68,1468.46,3605.86,673.26,18186.96,2307.66,1532.82,355.86,878.3,91.72,1298.96,348.64,401.5,245.59,1709.26,13464.64,1176.93,"3,701.40","3,735.60",2128.79,2086.9,656.89,NA,NA,2.693747854,11.43538856,-5.69748366,-5.88105104,-896.808969,0,0.25,18.22,-24.8,0.04,98.2,108.8,93.2,103,99.6,103.1,109.3,86,100.2,89.2,88,92.1,94.3,102,88.5,85.8,93.7,0.5,0.039081372,0.5
192,2019-12-01,1156.4,1059.8,4.75,3.22,3.72,105.12,5273.05,3480.12,289.14,330.11,4591.69,11031,1489.51,3693.15,701.59,20207.86,2460.99,1559.12,369.33,876.02,94.07,1330.05,345.69,409.49,246.62,1739.59,13698.26,1219.07,"3,701.40","3,735.60",2147.01,2105.3,640.54,NA,NA,2.732829226,12.2922727,-5.19748366,-5.38105104,-896.768969,-16,0.67,56.43,35.4,0,98.7,110.1,93.7,103.2,100.1,103.1,110.8,86.5,100.9,88.8,87.9,92.2,94.1,102,88.2,85.9,93.4,0.4,-1.027532282,NA
193,2020-01-01,1191.8,1093.1,4.75,3.22,3.73,105.79,5160.22,3295.05,259.04,352.95,4267.39,10902.3,1408.72,3395.63,649.76,20403.97,2201.92,1470.53,350.09,794.12,86.48,1250.76,329.3,372.14,224.73,1596.21,12249.88,1202.74,,,2203.44,2079.48,671.12,NA,NA,1.705296944,11.41987817,NA,NA,-896.99102,0,0.01,-36.32,21.9,0,99.1,110.6,93.9,103.7,100.3,103.2,112.6,86.9,101.6,88.6,87.9,92.2,94.1,102,87.9,86,93.1,0.5,1.418801568,NA
194,2020-02-01,1213.7,1114.8,4.75,3.22,3.7,105.8,4893.83,3178.68,232.81,320.97,4037.85,10565.78,1340.51,3147.69,608.82,19573.08,1916.99,1330.18,324.4,678.05,78.51,1226.31,310.52,334.07,198.91,1467.8,11085.54,1129.52,,,2167.12,1944.24,667.3,NA,NA,3.124098512,12.50319146,NA,NA,-896.99102,0,NA,NA,NA,NA,99.6,110.8,93.9,104,100.9,103.3,114.2,87.3,102.7,88.5,87.9,92.3,94.1,102.1,87.7,86.1,92.9,NA,NA,NA
195,2020-03-01,NA,NA,NA,,3.66,NA,NA,NA,NA,NA,NA,NA,NA,NA,NA,NA,NA,NA,NA,NA,NA,NA,NA,NA,NA,NA,NA,NA,,,,2045.21,549.44,NA,NA,NA,NA,NA,NA,NA,0,NA,NA,NA,NA,,,,,NA,NA,NA,NA,NA,NA,NA,NA,NA,NA,NA,NA,NA,NA,NA,NA
196,2020-04-01,NA,NA,NA,,3.65,NA,NA,NA,NA,NA,NA,NA,NA,NA,NA,NA,NA,NA,NA,NA,NA,NA,NA,NA,NA,NA,NA,NA,,,,2065.75,615.6,NA,NA,NA,NA,NA,NA,NA,,,,,,,,,,NA,NA,NA,NA,NA,NA,NA,NA,NA,NA,NA,NA,NA,,,
