Date의 연도,원달러환율 (Seoul),코스피대비강남구주택매매가격지수,코스피대비경북집값,코스피대비서울집값,코스피대비송파구주택매매가격,코스피대비양천구주택매매가격,코스피대비은평구주택매매가격,코스피대비인천집값,코스피대비집값
2016,1199.1,3.118835825,,,,,,,
2016,1236.7,2.998983205,,,,,,,
2016,1191.7,1.67034854,,,,,,,
2016,1143.5,1.47287325,,,,,,,
2016,1151.8,1.462215215,,,,,,,
2016,1169.1,1.367298375,,,,,,,
2016,1139.3,1.077319385,,,,,,,
2016,1120.2,0.950428440,,,,,,,
2016,1207.7,0.564527135,,,,,,,
2016,1144.5,0.275754715,,,,,,,
2016,1114.8,0.26308573,,,,,,,
2016,1101.3,0.144439680,,,,,,,
2015,1185.3,-1.92468401,,,,,,,
2015,1182.5,-2.185504225,,,,,,,
2015,1172.5,-2.567182535,,,,,,,
2015,1158.1,-3.27604241,,,,,,,
2015,1140.1,-3.553352415,,,,,,,
2015,1170,-4.306654285,,,,,,,
2015,1115.5,-4.420474055,,,,,,,
2015,1072.4,-5.296846065,,,,,,,
2015,1108.2,-5.45028155,,,,,,,
2014,1067.5,-8.567481435,,,,,,,
2014,1099.3,-8.651941335,,,,,,,
2014,1068.5,-8.669436600,,,,,,,
2014,1064.7,-8.863091085,,,,,,,
2014,1107.9,-9.008281675,,,,,,,
2014,1033.2,-9.642535305,,,,,,,
2014,1020.1,-9.701657235,,,,,,,
2014,1011.8,-9.720761260,,,,,,,
2014,1027.9,-10.261103525,,,,,,,
2014,1055.2,-10.678576745,,,,,,,
2014,1014,-11.044971835,,,,,,,
2013,1123.5,-9.491058815,,,,,,,
2013,1142,-9.745242895,,,,,,,
2013,1110,-9.997617120,,,,,,,
2013,1101,-10.84060736,,,,,,,
2013,1129.7,-11.555902275,,,,,,,
2013,1083,-11.664493575,,,,,,,
2013,1074.7,-11.755790705,,,,,,,
2013,1089,-11.79017795,,,,,,,
2013,1055.4,-11.835022135,,,,,,,
2013,1111,-11.87343128,,,,,,,
2013,1058.2,-12.26918624,,,,,,,
2013,1060.7,-12.66654996,,,,,,,
2012,1130,-7.785729125,,,,,,,
2012,1145,-8.2251217,,,,,,,
2012,1180,-8.984255325,,,,,,,
2012,1123,-9.077965595,,,,,,,
2012,1082.9,-9.35326465,,,,,,,
2012,1134,-9.639020645,,,,,,,
2012,1090.7,-10.107169805,,,,,,,
2012,1111.4,-10.491261255,,,,,,,
2012,1070.6,-10.74363548,,,,,,,
2012,1130,-11.18765324,,,,,,,
2012,1118,-11.334653685,,,,,,,
2012,1133,-11.740463395,,,,,,,
2011,1178.1,1.814190975,,,,,,,
2011,1110,1.111766140,,,,,,,
2011,1143,0.4497614,,,,,,,
2011,1151,0.360676315,,,,,,,
2011,1066.8,0.236399605,,,,,,,
2011,1096.7,-2.443392365,,,,,,,
2011,1128.7,-2.447414265,,,,,,,
2011,1067.7,-3.89067308,,,,,,,
2011,1079.2,-4.840444765,,,,,,,
2011,1054.5,-5.40733157,,,,,,,
2011,1071.5,-5.469067735,,,,,,,
2010,1160,5.615013880,,,,,,,
2010,1202.5,4.62281115,,,,,,,
2010,1131.3,4.27692775,,,,,,,
2010,1161.8,3.941903480,,,,,,,
2010,1222.2,3.745232570,,,,,,,
2010,1108.4,2.974033245,,,,,,,
2010,1182.7,2.95734236,,,,,,,
2010,1198.1,2.332741290,,,,,,,
2010,1140.2,1.255475375,,,,,,,
2010,1125.3,-0.231622150,,,,,,,
2010,1159.7,-0.935655745,,,,,,,
2010,1134.8,-2.49997375,,,,,,,
2009,1534,15.519497375,,,,,,,
2009,1383.5,15.505420725,,,,,,,
2009,1379.5,15.185277485,,,,,,,
2009,1282,11.85253005,,,,,,,
2009,1273.9,10.38172122,,,,,,,
2009,1255,10.27594525,,,,,,,
2009,1228.5,9.078826715,,,,,,,
2009,1248.9,6.708318855,,,,,,,
2009,1162.8,6.596510035,,,,,,,
2009,1182.5,5.648548205,,,,,,,
2009,1164.5,5.32619292,,,,,,,
2009,1178.1,5.068590225,,,,,,,
2008,1469,12.432702475,,,,,,,
2008,1259.5,11.60921845,,,,,,,
2008,1291,9.86371385,,,,,,,
2008,1207,4.939701680,,,,,,,
2008,1089,3.109938275,,,,,,,
2008,1012.2,2.465428800,,,,,,,
2008,990.4,0.825499075,,,,,,,
2008,939,0.053696465,,,,,,,
2008,943.9,-0.806185755,,,,,,,
2008,1046,-1.326619615,,,,,,,
2008,1002.6,-1.69683551,,,,,,,
2008,1030.1,-3.107919125,,,,,,,
2007,941,9.093272125,,,,,,,
2007,940.9,8.04013761,,,,,,,
2007,941.8,7.974379545,,,,,,,
2007,930.8,6.32077536,,,,,,,
2007,927.7,4.353664070,,,,,,,
2007,923.8,1.55160634,,,,,,,
2007,938.3,0.330155310,,,,,,,
2007,915.1,-0.957053785,,,,,,,
2007,936.1,-1.458986905,,,,,,,
2007,919.3,-1.61121582,,,,,,,
2007,921.1,-1.87826998,,,,,,,
2007,900.7,-3.481198225,,,,,,,
2006,929.5,6.306969665,,,,,,,
2006,929.8,6.007338115,,,,,,,
2016,1199.1,,19.56613544,,,,,,
2016,1236.7,,19.214522576,,,,,,
2016,1143.5,,16.9840024,,,,,,
2016,1191.7,,16.333807488,,,,,,
2016,1139.3,,16.083629072,,,,,,
2016,1151.8,,15.470520048,,,,,,
2016,1120.2,,14.323112768,,,,,,
2016,1169.1,,13.2504508,,,,,,
2016,1114.8,,12.853628256,,,,,,
2016,1101.3,,12.303541696,,,,,,
2016,1144.5,,12.169654448,,,,,,
2016,1207.7,,11.834949872,,,,,,
2015,1185.3,,18.523188128,,,,,,
2015,1172.5,,17.810431248,,,,,,
2015,1182.5,,17.69325208,,,,,,
2015,1158.1,,17.113727648,,,,,,
2015,1140.1,,16.662932112,,,,,,
2015,1170,,14.610009648,,,,,,
2015,1115.5,,14.266028304,,,,,,
2015,1108.2,,12.56332784,,,,,,
2015,1072.4,,12.357422832,,,,,,
2014,1099.3,,14.763407888,,,,,,
2014,1068.5,,13.84127648,,,,,,
2014,1107.9,,13.81263944,,,,,,
2014,1011.8,,11.311356928,,,,,,
2014,1064.7,,11.096304688,,,,,,
2014,1020.1,,11.035523408,,,,,,
2014,1055.2,,10.899725936,,,,,,
2014,1067.5,,10.870249168,,,,,,
2014,1027.9,,10.82782712,,,,,,
2014,1033.2,,10.710312304,,,,,,
2014,1014,,10.036238288,,,,,,
2013,1055.4,,7.083066128,,,,,,
2013,1123.5,,6.448166032,,,,,,
2013,1110,,6.307372736,,,,,,
2013,1058.2,,5.733851072,,,,,,
2013,1142,,4.926624656,,,,,,
2013,1074.7,,4.683293424,,,,,,
2013,1060.7,,4.431188288,,,,,,
2013,1101,,1.940995008,,,,,,
2013,1129.7,,1.83615112,,,,,,
2013,1111,,0.034478784,,,,,,
2013,1083,,-0.301216240,,,,,,
2013,1089,,-0.860206240,,,,,,
2012,1082.9,,0.110479520,,,,,,
2012,1130,,-0.106597200,,,,,,
2012,1145,,-1.062426240,,,,,,
2012,1070.6,,-1.148331456,,,,,,
2012,1090.7,,-1.343206096,,,,,,
2012,1134,,-1.851000144,,,,,,
2012,1111.4,,-2.229079536,,,,,,
2012,1180,,-2.422725840,,,,,,
2012,1123,,-4.441268784,,,,,,
2012,1130,,-5.610011328,,,,,,
2012,1133,,-6.809312944,,,,,,
2012,1118,,-6.995966032,,,,,,
2011,1151,,-4.834590032,,,,,,
2011,1143,,-5.421897920,,,,,,
2011,1178.1,,-5.695902480,,,,,,
2011,1110,,-5.784465792,,,,,,
2011,1066.8,,-8.491799344,,,,,,
2011,1096.7,,-14.581720528,,,,,,
2011,1067.7,,-14.812522176,,,,,,
2011,1128.7,,-15.586808208,,,,,,
2011,1054.5,,-16.231086304,,,,,,
2011,1079.2,,-16.613977808,,,,,,
2011,1071.5,,-17.509182192,,,,,,
2010,1160,,-6.211984064,,,,,,
2010,1202.5,,-7.567114720,,,,,,
2010,1131.3,,-7.9046552,,,,,,
2010,1161.8,,-8.328458944,,,,,,
2010,1222.2,,-8.877246496,,,,,,
2010,1108.4,,-9.552809136,,,,,,
2010,1182.7,,-10.073923008,,,,,,
2010,1198.1,,-11.064039712,,,,,,
2010,1140.2,,-12.4267748,,,,,,
2010,1125.3,,-14.20794448,,,,,,
2010,1159.7,,-14.598542864,,,,,,
2010,1134.8,,-16.277396,,,,,,
2009,1534,,5.369583600,,,,,,
2009,1379.5,,5.246797392,,,,,,
2009,1383.5,,5.05177672,,,,,,
2009,1282,,0.430891360,,,,,,
2009,1273.9,,-1.629673216,,,,,,
2009,1255,,-1.6634792,,,,,,
2009,1228.5,,-3.377827152,,,,,,
2009,1162.8,,-5.917943248,,,,,,
2009,1248.9,,-6.276505744,,,,,,
2009,1182.5,,-7.317109424,,,,,,
2009,1164.5,,-7.424886976,,,,,,
2009,1178.1,,-8.05075288,,,,,,
2008,1469,,8.84343032,,,,,,
2008,1259.5,,6.801727840,,,,,,
2008,1291,,6.09367472,,,,,,
2008,1207,,-0.035171904,,,,,,
2008,1089,,-2.34981192,,,,,,
2008,1012.2,,-3.06511264,,,,,,
2008,990.4,,-5.23961416,,,,,,
2008,939,,-6.215939952,,,,,,
2008,943.9,,-7.303685936,,,,,,
2008,1046,,-7.862031728,,,,,,
2008,1002.6,,-8.230352672,,,,,,
2008,1030.1,,-10.1153652,,,,,,
2007,941,,-0.022913200,,,,,,
2007,940.9,,-0.555122208,,,,,,
2007,941.8,,-1.038305776,,,,,,
2007,930.8,,-2.530105408,,,,,,
2007,927.7,,-4.818489696,,,,,,
2007,923.8,,-8.063076352,,,,,,
2007,938.3,,-9.508204768,,,,,,
2007,915.1,,-11.136516752,,,,,,
2007,936.1,,-11.771459216,,,,,,
2007,919.3,,-11.964027904,,,,,,
2007,921.1,,-12.301849856,,,,,,
2007,900.7,,-14.32954472,,,,,,
2006,929.8,,-1.329765072,,,,,,
2006,929.5,,-1.450732912,,,,,,
2016,1199.1,,,,,,,5.119608195,
2016,1236.7,,,,,,,4.991899103,
2016,1169.1,,,,,,,4.453255525,
2016,1191.7,,,,,,,3.776170964,
2016,1151.8,,,,,,,3.754394269,
2016,1207.7,,,,,,,3.697861741,
2016,1143.5,,,,,,,3.46575095,
2016,1120.2,,,,,,,3.309059304,
2016,1144.5,,,,,,,3.090159969,
2016,1139.3,,,,,,,3.044268091,
2016,1114.8,,,,,,,2.776660518,
2016,1101.3,,,,,,,2.750237088,
2015,1172.5,,,,,,,3.472246619,
2015,1185.3,,,,,,,3.156861634,
2015,1182.5,,,,,,,2.578944365,
2015,1158.1,,,,,,,2.516920194,
2015,1140.1,,,,,,,1.821432211,
2015,1170,,,,,,,0.018750569,
2015,1115.5,,,,,,,-0.502530213,
2015,1108.2,,,,,,,-2.199842730,
2015,1072.4,,,,,,,-2.636349379,
2014,1099.3,,,,,,,-0.593493461,
2014,1068.5,,,,,,,-1.01213556,
2014,1107.9,,,,,,,-1.073192305,
2014,1064.7,,,,,,,-2.418484311,
2014,1067.5,,,,,,,-2.703497121,
2014,1020.1,,,,,,,-3.012019401,
2014,1011.8,,,,,,,-3.032375716,
2014,1033.2,,,,,,,-3.049021963,
2014,1055.2,,,,,,,-3.452977067,
2014,1027.9,,,,,,,-3.508138015,
2014,1014,,,,,,,-4.143389761,
2013,1123.5,,,,,,,-3.190126029,
2013,1142,,,,,,,-3.360972157,
2013,1110,,,,,,,-3.829889792,
2013,1055.4,,,,,,,-4.387738741,
2013,1101,,,,,,,-4.628138976,
2013,1089,,,,,,,-4.93995497,
2013,1058.2,,,,,,,-5.050362784,
2013,1129.7,,,,,,,-5.290322265,
2013,1083,,,,,,,-5.306031845,
2013,1074.7,,,,,,,-5.603313603,
2013,1060.7,,,,,,,-5.873774136,
2013,1111,,,,,,,-5.928665648,
2012,1123,,,,,,,2.797605023,
2012,1145,,,,,,,2.106353780,
2012,1130,,,,,,,1.974549025,
2012,1180,,,,,,,1.797458105,
2012,1118,,,,,,,0.192988529,
2012,1130,,,,,,,-0.150374984,
2012,1133,,,,,,,-0.439422457,
2012,1134,,,,,,,-0.600227807,
2012,1082.9,,,,,,,-1.89574019,
2012,1111.4,,,,,,,-2.008333733,
2012,1090.7,,,,,,,-2.199064663,
2012,1070.6,,,,,,,-3.977251368,
2011,1178.1,,,,,,,6.041660685,
2011,1110,,,,,,,4.893191124,
2011,1066.8,,,,,,,4.660443343,
2011,1143,,,,,,,3.887791240,
2011,1151,,,,,,,3.592866529,
2011,1096.7,,,,,,,2.504988041,
2011,1128.7,,,,,,,2.400702501,
2011,1067.7,,,,,,,0.762836472,
2011,1079.2,,,,,,,-0.149193799,
2011,1071.5,,,,,,,-0.719023701,
2011,1054.5,,,,,,,-1.153240662,
2010,1160,,,,,,,13.755564808,
2010,1131.3,,,,,,,12.32976565,
2010,1202.5,,,,,,,12.09832209,
2010,1161.8,,,,,,,12.072780168,
2010,1222.2,,,,,,,10.763217262,
2010,1108.4,,,,,,,10.741464967,
2010,1182.7,,,,,,,9.323679976,
2010,1198.1,,,,,,,8.258135614,
2010,1140.2,,,,,,,6.810253725,
2010,1125.3,,,,,,,5.125675310,
2010,1159.7,,,,,,,4.175491533,
2010,1134.8,,,,,,,2.40863075,
2009,1379.5,,,,,,,23.639250551,
2009,1534,,,,,,,23.395378925,
2009,1383.5,,,,,,,22.980379535,
2009,1282,,,,,,,18.78803783,
2009,1273.9,,,,,,,17.220815852,
2009,1255,,,,,,,17.10810615,
2009,1228.5,,,,,,,15.832515169,
2009,1162.8,,,,,,,14.287479881,
2009,1248.9,,,,,,,13.406617893,
2009,1182.5,,,,,,,13.177378103,
2009,1164.5,,,,,,,12.833892072,
2009,1178.1,,,,,,,12.259403235,
2008,1469,,,,,,,26.705321585,
2008,1259.5,,,,,,,25.02785727,
2008,1291,,,,,,,24.06793291,
2008,1207,,,,,,,18.321146288,
2008,1089,,,,,,,14.571439865,
2008,1012.2,,,,,,,12.48468208,
2008,1046,,,,,,,5.744060691,
2008,1030.1,,,,,,,0.945995025,
2008,1002.6,,,,,,,0.549576734,
2008,990.4,,,,,,,0.537253145,
2008,939,,,,,,,-1.685141981,
2008,943.9,,,,,,,-3.501390433,
2007,941,,,,,,,-6.036555225,
2007,940.9,,,,,,,-6.158723874,
2007,941.8,,,,,,,-6.528792453,
2007,930.8,,,,,,,-7.490792224,
2007,936.1,,,,,,,-8.380526523,
2007,927.7,,,,,,,-8.886849838,
2007,921.1,,,,,,,-9.727294068,
2007,938.3,,,,,,,-10.674104054,
2007,923.8,,,,,,,-11.172585556,
2007,915.1,,,,,,,-11.245691131,
2007,900.7,,,,,,,-12.735296035,
2007,919.3,,,,,,,-13.642734212,
2006,929.8,,,,,,,-8.784663591,
2006,929.5,,,,,,,-11.065390861,
2016,1169.1,,,2.411445475,,,,,
2016,1199.1,,,1.629743605,,,,,
2016,1207.7,,,1.540579099,,,,,
2016,1236.7,,,1.484794617,,,,,
2016,1144.5,,,0.591339591,,,,,
2016,1151.8,,,0.226237291,,,,,
2016,1191.7,,,0.177952396,,,,,
2016,1120.2,,,0.007285656,,,,,
2016,1101.3,,,-0.267471968,,,,,
2016,1143.5,,,-0.360872950,,,,,
2016,1114.8,,,-0.523982198,,,,,
2016,1139.3,,,-0.739253251,,,,,
2015,1172.5,,,-0.240001059,,,,,
2015,1185.3,,,-1.062967474,,,,,
2015,1158.1,,,-1.497291634,,,,,
2015,1182.5,,,-1.978401765,,,,,
2015,1140.1,,,-2.432668571,,,,,
2015,1170,,,-5.043707009,,,,,
2015,1115.5,,,-5.681359907,,,,,
2015,1108.2,,,-7.52680247,,,,,
2015,1072.4,,,-7.941238581,,,,,
2014,1099.3,,,-5.420120179,,,,,
2014,1068.5,,,-5.54127884,,,,,
2014,1107.9,,,-5.851075895,,,,,
2014,1067.5,,,-6.417974919,,,,,
2014,1064.7,,,-6.475483329,,,,,
2014,1033.2,,,-7.418138157,,,,,
2014,1020.1,,,-7.489639839,,,,,
2014,1011.8,,,-7.612744124,,,,,
2014,1027.9,,,-8.266230585,,,,,
2014,1055.2,,,-8.371120013,,,,,
2014,1014,,,-9.114235879,,,,,
2013,1142,,,-5.421216523,,,,,
2013,1123.5,,,-5.613807931,,,,,
2013,1110,,,-6.626436288,,,,,
2013,1101,,,-6.745943264,,,,,
2013,1129.7,,,-7.411016335,,,,,
2013,1089,,,-7.59434783,,,,,
2013,1083,,,-7.742345955,,,,,
2013,1111,,,-8.195033872,,,,,
2013,1055.4,,,-8.248582099,,,,,
2013,1074.7,,,-8.652760117,,,,,
2013,1058.2,,,-8.773657376,,,,,
2013,1060.7,,,-9.354226504,,,,,
2012,1123,,,1.218269497,,,,,
2012,1145,,,-0.150306580,,,,,
2012,1130,,,-0.218908025,,,,,
2012,1180,,,-0.368397905,,,,,
2012,1118,,,-1.810954569,,,,,
2012,1130,,,-2.533173176,,,,,
2012,1133,,,-2.701738223,,,,,
2012,1134,,,-3.260266873,,,,,
2012,1082.9,,,-4.51467541,,,,,
2012,1111.4,,,-4.890961187,,,,,
2012,1090.7,,,-5.026443457,,,,,
2012,1070.6,,,-6.796180952,,,,,
2011,1178.1,,,4.351758715,,,,,
2011,1110,,,3.302250636,,,,,
2011,1066.8,,,2.543587977,,,,,
2011,1143,,,2.401626360,,,,,
2011,1151,,,2.093887431,,,,,
2011,1096.7,,,-0.397335201,,,,,
2011,1128.7,,,-0.502199261,,,,,
2011,1067.7,,,-2.247667192,,,,,
2011,1079.2,,,-3.296314961,,,,,
2011,1071.5,,,-4.056567539,,,,,
2011,1054.5,,,-4.181904218,,,,,
2010,1160,,,11.221013112,,,,,
2010,1131.3,,,9.50274035,,,,,
2010,1202.5,,,9.42104951,,,,,
2010,1161.8,,,8.897564152,,,,,
2010,1222.2,,,8.059711618,,,,,
2010,1108.4,,,7.827028113,,,,,
2010,1182.7,,,6.606842264,,,,,
2010,1198.1,,,5.451453746,,,,,
2010,1140.2,,,3.848615275,,,,,
2010,1125.3,,,1.85012909,,,,,
2010,1159.7,,,0.898675387,,,,,
2010,1134.8,,,-0.893200750,,,,,
2009,1534,,,18.689138075,,,,,
2009,1379.5,,,18.484934689,,,,,
2009,1383.5,,,18.472113865,,,,,
2009,1282,,,14.35433137,,,,,
2009,1273.9,,,13.175544628,,,,,
2009,1255,,,12.64761985,,,,,
2009,1228.5,,,12.399832391,,,,,
2009,1162.8,,,11.197734559,,,,,
2009,1182.5,,,10.051275617,,,,,
2009,1248.9,,,9.932955427,,,,,
2009,1164.5,,,9.661421208,,,,,
2009,1178.1,,,9.049878165,,,,,
2008,1469,,,22.989413815,,,,,
2008,1291,,,20.68249549,,,,,
2008,1259.5,,,20.29349753,,,,,
2008,1207,,,15.027426832,,,,,
2008,1089,,,12.614522735,,,,,
2008,1012.2,,,11.63505712,,,,,
2008,1046,,,6.348978149,,,,,
2008,990.4,,,3.951736655,,,,,
2008,1002.6,,,3.101241426,,,,,
2008,1030.1,,,2.794685975,,,,,
2008,939,,,1.418323541,,,,,
2008,943.9,,,-0.221612487,,,,,
2007,941,,,3.964426225,,,,,
2007,940.9,,,3.590772114,,,,,
2007,941.8,,,3.111244733,,,,,
2007,930.8,,,1.811386464,,,,,
2007,927.7,,,-0.567625282,,,,,
2007,923.8,,,-3.756415884,,,,,
2007,938.3,,,-4.533630906,,,,,
2007,936.1,,,-4.997407997,,,,,
2007,915.1,,,-5.690373309,,,,,
2007,921.1,,,-5.904486252,,,,,
2007,919.3,,,-7.281512668,,,,,
2007,900.7,,,-8.443057365,,,,,
2006,929.8,,,1.101828751,,,,,
2006,929.5,,,-1.535798779,,,,,
2016,1199.1,,,,,,3.461485550,,
2016,1236.7,,,,,,3.319798470,,
2016,1191.7,,,,,,1.74911636,,
2016,1143.5,,,,,,1.5156655,,
2016,1151.8,,,,,,1.50306581,,
2016,1169.1,,,,,,1.39085725,,
2016,1139.3,,,,,,1.04805059,,
2016,1120.2,,,,,,0.898042960,,
2016,1207.7,,,,,,0.441839090,,
2016,1144.5,,,,,,0.100458810,,
2016,1114.8,,,,,,0.085481820,,
2016,1101.3,,,,,,-0.054778880,,
2015,1185.3,,,,,,0.763364660,,
2015,1182.5,,,,,,0.455028850,,
2015,1172.5,,,,,,0.003817310,,
2015,1158.1,,,,,,-0.834180940,,
2015,1140.1,,,,,,-1.16201061,,
2015,1170,,,,,,-2.052547190,,
2015,1115.5,,,,,,-2.187102370,,
2015,1072.4,,,,,,-3.22312971,,
2015,1108.2,,,,,,-3.4045177,,
2014,1067.5,,,,,,-1.55265529,,
2014,1099.3,,,,,,-1.65250189,,
2014,1068.5,,,,,,-1.6731844,,
2014,1064.7,,,,,,-1.90211839,,
2014,1107.9,,,,,,-2.07375945,,
2014,1033.2,,,,,,-2.82355987,,
2014,1020.1,,,,,,-2.89345249,,
2014,1011.8,,,,,,-2.91603684,,
2014,1027.9,,,,,,-3.55481735,,
2014,1055.2,,,,,,-4.04834483,,
2014,1014,,,,,,-4.481488890,,
2013,1123.5,,,,,,-0.774588210,,
2013,1142,,,,,,-1.075078930,,
2013,1110,,,,,,-1.373430080,,
2013,1101,,,,,,-2.369994240,,
2013,1129.7,,,,,,-3.21559985,,
2013,1083,,,,,,-3.343974050,,
2013,1074.7,,,,,,-3.451903470,,
2013,1089,,,,,,-3.492555300,,
2013,1055.4,,,,,,-3.545569090,,
2013,1111,,,,,,-3.590975520,,
2013,1058.2,,,,,,-4.05882816,,
2013,1060.7,,,,,,-4.528582640,,
2012,1130,,,,,,1.485672250,,
2012,1145,,,,,,0.966232200,,
2012,1180,,,,,,0.068801450,,
2012,1123,,,,,,-0.041980730,,
2012,1082.9,,,,,,-0.367433100,,
2012,1134,,,,,,-0.705247430,,
2012,1090.7,,,,,,-1.258682870,,
2012,1111.4,,,,,,-1.712747170,,
2012,1070.6,,,,,,-2.011098320,,
2012,1130,,,,,,-2.53600616,,
2012,1118,,,,,,-2.70978679,,
2012,1133,,,,,,-3.189525930,,
2011,1178.1,,,,,,3.756745650,,
2011,1110,,,,,,2.926354760,,
2011,1143,,,,,,2.1437476,,
2011,1151,,,,,,2.038433210,,
2011,1066.8,,,,,,1.891516070,,
2011,1096.7,,,,,,-1.276473910,,
2011,1128.7,,,,,,-1.281228510,,
2011,1067.7,,,,,,-2.987416720,,
2011,1079.2,,,,,,-4.11021551,,
2011,1054.5,,,,,,-4.780376380,,
2011,1071.5,,,,,,-4.853359490,,
2010,1160,,,,,,8.15092392,,
2010,1202.5,,,,,,6.977964100,,
2010,1131.3,,,,,,6.569068500,,
2010,1161.8,,,,,,6.17301032,,
2010,1222.2,,,,,,5.940510380,,
2010,1108.4,,,,,,5.028815830,,
2010,1182.7,,,,,,5.009084240,,
2010,1198.1,,,,,,4.270694860,,
2010,1140.2,,,,,,2.997175250,,
2010,1125.3,,,,,,1.239161900,,
2010,1159.7,,,,,,0.406869170,,
2010,1134.8,,,,,,-1.4424325,,
2009,1534,,,,,,20.37772325,,
2009,1383.5,,,,,,20.36108215,,
2009,1379.5,,,,,,19.98261599,,
2009,1282,,,,,,16.0427167,,
2009,1273.9,,,,,,14.30395948,,
2009,1255,,,,,,14.1789135,,
2009,1228.5,,,,,,12.76370681,,
2009,1248.9,,,,,,9.961345570,,
2009,1162.8,,,,,,9.829167690,,
2009,1182.5,,,,,,8.70850847,,
2009,1164.5,,,,,,8.327427280,,
2009,1178.1,,,,,,8.022895150,,
2008,1469,,,,,,19.35198665,,
2008,1259.5,,,,,,18.3784823,,
2008,1291,,,,,,16.3149859,,
2008,1207,,,,,,10.49392912,,
2008,1089,,,,,,8.330823850,,
2008,1012.2,,,,,,7.5688992,,
2008,990.4,,,,,,5.63021105,,
2008,939,,,,,,4.717803310,,
2008,943.9,,,,,,3.701269830,,
2008,1046,,,,,,3.08602459,,
2008,1002.6,,,,,,2.648363660,,
2008,1030.1,,,,,,0.980212250,,
2007,941,,,,,,3.97408975,,
2007,940.9,,,,,,2.72909774,,
2007,941.8,,,,,,2.65136003,,
2007,930.8,,,,,,0.696506240,,
2007,927.7,,,,,,-1.62896862,,
2007,923.8,,,,,,-4.94149844,,
2007,938.3,,,,,,-6.38547046,,
2007,915.1,,,,,,-7.90718019,,
2007,936.1,,,,,,-8.50055427,,
2007,919.3,,,,,,-8.68051588,,
2007,921.1,,,,,,-8.99622132,,
2007,900.7,,,,,,-10.89116715,,
2006,929.5,,,,,,-3.432627890,,
2006,929.8,,,,,,-3.786845590,,
2016,1199.1,,,,,1.495020175,,,
2016,1236.7,,,,,1.363599195,,,
2016,1191.7,,,,,-0.093277340,,,
2016,1143.5,,,,,-0.309813250,,,
2016,1151.8,,,,,-0.321500015,,,
2016,1169.1,,,,,-0.425578375,,,
2016,1139.3,,,,,-0.743546585,,,
2016,1120.2,,,,,-0.882685240,,,
2016,1207.7,,,,,-1.305834335,,,
2016,1144.5,,,,,-1.622479515,,,
2016,1114.8,,,,,-1.636371330,,,
2016,1101.3,,,,,-1.76646928,,,
2015,1185.3,,,,,-1.87570879,,,
2015,1182.5,,,,,-2.161703775,,,
2015,1172.5,,,,,-2.580222265,,,
2015,1158.1,,,,,-3.35750239,,,
2015,1140.1,,,,,-3.661578785,,,
2015,1170,,,,,-4.487590515,,,
2015,1115.5,,,,,-4.612396345,,,
2015,1072.4,,,,,-5.573357135,,,
2015,1108.2,,,,,-5.74160245,,,
2014,1067.5,,,,,-5.814915365,,,
2014,1099.3,,,,,-5.907527465,,,
2014,1068.5,,,,,-5.9267114,,,
2014,1064.7,,,,,-6.139057715,,,
2014,1107.9,,,,,-6.298262325,,,
2014,1033.2,,,,,-6.993735095,,,
2014,1020.1,,,,,-7.058563565,,,
2014,1011.8,,,,,-7.079511540,,,
2014,1027.9,,,,,-7.672008475,,,
2014,1055.2,,,,,-8.129776855,,,
2014,1014,,,,,-8.531536965,,,
2013,1123.5,,,,,-5.240464385,,,
2013,1142,,,,,-5.519182705,,,
2013,1110,,,,,-5.79591648,,,
2013,1101,,,,,-6.72027344,,,
2013,1129.7,,,,,-7.504609725,,,
2013,1083,,,,,-7.623682425,,,
2013,1074.7,,,,,-7.723791695,,,
2013,1089,,,,,-7.76149805,,,
2013,1055.4,,,,,-7.810670665,,,
2013,1111,,,,,-7.85278712,,,
2013,1058.2,,,,,-8.28674096,,,
2013,1060.7,,,,,-8.72245884,,,
2012,1130,,,,,-1.607750875,,,
2012,1145,,,,,-2.0895543,,,
2012,1180,,,,,-2.921960675,,,
2012,1123,,,,,-3.024716005,,,
2012,1082.9,,,,,-3.32658735,,,
2012,1134,,,,,-3.639924955,,,
2012,1090.7,,,,,-4.153260595,,,
2012,1111.4,,,,,-4.574425145,,,
2012,1070.6,,,,,-4.85115892,,,
2012,1130,,,,,-5.33803396,,,
2012,1118,,,,,-5.499223115,,,
2012,1133,,,,,-5.944202205,,,
2011,1178.1,,,,,4.451657025,,,
2011,1110,,,,,3.68143306,,,
2011,1143,,,,,2.9555306,,,
2011,1151,,,,,2.857846885,,,
2011,1066.8,,,,,2.721574795,,,
2011,1096.7,,,,,-0.216874835,,,
2011,1128.7,,,,,-0.221284935,,,
2011,1067.7,,,,,-1.80384932,,,
2011,1079.2,,,,,-2.845294435,,,
2011,1054.5,,,,,-3.46689803,,,
2011,1071.5,,,,,-3.534593065,,,
2010,1160,,,,,9.345132520,,,
2010,1202.5,,,,,8.257160850,,,
2010,1131.3,,,,,7.87789225,,,
2010,1161.8,,,,,7.510530920,,,
2010,1222.2,,,,,7.294877030,,,
2010,1108.4,,,,,6.449240355,,,
2010,1182.7,,,,,6.43093844,,,
2010,1198.1,,,,,5.746049910,,,
2010,1140.2,,,,,4.564804625,,,
2010,1125.3,,,,,2.934170150,,,
2010,1159.7,,,,,2.162182145,,,
2010,1134.8,,,,,0.446873750,,,
2009,1534,,,,,20.090942625,,,
2009,1383.5,,,,,20.075507275,,,
2009,1379.5,,,,,19.724463315,,,
2009,1282,,,,,16.07003395,,,
2009,1273.9,,,,,14.45726038,,,
2009,1255,,,,,14.34127475,,,
2009,1228.5,,,,,13.028608485,,,
2009,1248.9,,,,,10.429295545,,,
2009,1162.8,,,,,10.306694765,,,
2009,1182.5,,,,,9.267234195,,,
2009,1164.5,,,,,8.913764680,,,
2009,1178.1,,,,,8.631297775,,,
2008,1469,,,,,16.981865525,,,
2008,1259.5,,,,,16.07889755,,,
2008,1291,,,,,14.16491415,,,
2008,1207,,,,,8.76562872,,,
2008,1089,,,,,6.759253725,,,
2008,1012.2,,,,,6.0525352,,,
2008,990.4,,,,,4.254316925,,,
2008,939,,,,,3.408018735,,,
2008,943.9,,,,,2.465139355,,,
2008,1046,,,,,1.894472415,,,
2008,1002.6,,,,,1.48852271,,,
2008,1030.1,,,,,-0.058760875,,,
2007,941,,,,,8.539847875,,,
2007,940.9,,,,,7.38506319,,,
2007,941.8,,,,,7.312958055,,,
2007,930.8,,,,,5.499745440,,,
2007,927.7,,,,,3.34276553,,,
2007,923.8,,,,,0.270248860,,,
2007,938.3,,,,,-1.06909851,,,
2007,915.1,,,,,-2.480551015,,,
2007,936.1,,,,,-3.030931495,,,
2007,919.3,,,,,-3.19785378,,,
2007,921.1,,,,,-3.490684420,,,
2007,900.7,,,,,-5.248329775,,,
2006,929.5,,,,,5.385641535,,,
2006,929.8,,,,,5.057089085,,,
2016,1199.1,,,,0.631879990,,,,
2016,1236.7,,,,0.501049646,,,,
2016,1191.7,,,,-0.949279352,,,,
2016,1143.5,,,,-1.1648421,,,,
2016,1151.8,,,,-1.176476342,,,,
2016,1169.1,,,,-1.28008695,,,,
2016,1139.3,,,,-1.596626138,,,,
2016,1120.2,,,,-1.735139472,,,,
2016,1207.7,,,,-2.156386838,,,,
2016,1144.5,,,,-2.471608942,,,,
2016,1114.8,,,,-2.485438324,,,,
2016,1101.3,,,,-2.614951584,,,,
2015,1185.3,,,,-1.654396412,,,,
2015,1182.5,,,,-1.939106070,,,,
2015,1172.5,,,,-2.355743642,,,,
2015,1158.1,,,,-3.129530492,,,,
2015,1140.1,,,,-3.432240298,,,,
2015,1170,,,,-4.254539742,,,,
2015,1115.5,,,,-4.378784666,,,,
2015,1072.4,,,,-5.335426678,,,,
2015,1108.2,,,,-5.50291586,,,,
2014,1067.5,,,,-5.643786322,,,,
2014,1099.3,,,,-5.735982202,,,,
2014,1068.5,,,,-5.75507992,,,,
2014,1064.7,,,,-5.966471902,,,,
2014,1107.9,,,,-6.12496101,,,,
2014,1033.2,,,,-6.817308166,,,,
2014,1020.1,,,,-6.881845282,,,,
2014,1011.8,,,,-6.902699112,,,,
2014,1027.9,,,,-7.49253323,,,,
2014,1055.2,,,,-7.948244294,,,,
2014,1014,,,,-8.348198802,,,,
2013,1123.5,,,,-5.265871978,,,,
2013,1142,,,,-5.543337674,,,,
2013,1110,,,,-5.818827744,,,,
2013,1101,,,,-6.739030432,,,,
2013,1129.7,,,,-7.51984173,,,,
2013,1083,,,,-7.638379290,,,,
2013,1074.7,,,,-7.738038646,,,,
2013,1089,,,,-7.775575540,,,,
2013,1055.4,,,,-7.824527162,,,,
2013,1111,,,,-7.866454336,,,,
2013,1058.2,,,,-8.298457888,,,,
2013,1060.7,,,,-8.732217552,,,,
2012,1130,,,,-3.65761995,,,,
2012,1145,,,,-4.13725804,,,,
2012,1180,,,,-4.96592339,,,,
2012,1123,,,,-5.068216914,,,,
2012,1082.9,,,,-5.36873158,,,,
2012,1134,,,,-5.680660974,,,,
2012,1090.7,,,,-6.191689566,,,,
2012,1111.4,,,,-6.610961306,,,,
2012,1070.6,,,,-6.886451376,,,,
2012,1130,,,,-7.371138288,,,,
2012,1118,,,,-7.531603022,,,,
2012,1133,,,,-7.974582274,,,,
2011,1178.1,,,,3.708240170,,,,
2011,1110,,,,2.941477768,,,,
2011,1143,,,,2.218837680,,,,
2011,1151,,,,2.121592978,,,,
2011,1066.8,,,,1.985933326,,,,
2011,1096.7,,,,-0.939310238,,,,
2011,1128.7,,,,-0.943700518,,,,
2011,1067.7,,,,-2.519152496,,,,
2011,1079.2,,,,-3.555917118,,,,
2011,1054.5,,,,-4.174727084,,,,
2011,1071.5,,,,-4.242117882,,,,
2010,1160,,,,6.492689456,,,,
2010,1202.5,,,,5.40960738,,,,
2010,1131.3,,,,5.032043300,,,,
2010,1161.8,,,,4.666332976,,,,
2010,1222.2,,,,4.451648284,,,,
2010,1108.4,,,,3.609812094,,,,
2010,1182.7,,,,3.591592432,,,,
2010,1198.1,,,,2.909781948,,,,
2010,1140.2,,,,1.73384545,,,,
2010,1125.3,,,,0.110539420,,,,
2010,1159.7,,,,-0.657979094,,,,
2010,1134.8,,,,-2.3655785,,,,
2009,1534,,,,17.04299185,,,,
2009,1383.5,,,,17.02762587,,,,
2009,1379.5,,,,16.678159582,,,,
2009,1282,,,,13.04015406,,,,
2009,1273.9,,,,11.434628664,,,,
2009,1255,,,,11.3191643,,,,
2009,1228.5,,,,10.012397458,,,,
2009,1248.9,,,,7.424766426,,,,
2009,1162.8,,,,7.302716642,,,,
2009,1182.5,,,,6.267927646,,,,
2009,1164.5,,,,5.916046704,,,,
2009,1178.1,,,,5.63484927,,,,
2008,1469,,,,15.66739397,,,,
2008,1259.5,,,,14.76848414,,,,
2008,1291,,,,12.86310262,,,,
2008,1207,,,,7.488082816,,,,
2008,1089,,,,5.490724930,,,,
2008,1012.2,,,,4.787182560,,,,
2008,990.4,,,,2.997045890,,,,
2008,939,,,,2.154551158,,,,
2008,943.9,,,,1.215909294,,,,
2008,1046,,,,0.647807062,,,,
2008,1002.6,,,,0.243681788,,,,
2008,1030.1,,,,-1.296647950,,,,
2007,941,,,,11.47563155,,,,
2007,940.9,,,,10.326036732,,,,
2007,941.8,,,,10.254255654,,,,
2007,930.8,,,,8.449192032,,,,
2007,927.7,,,,6.301906084,,,,
2007,923.8,,,,3.243198008,,,,
2007,938.3,,,,1.909869972,,,,
2007,915.1,,,,0.504760858,,,,
2007,936.1,,,,-0.043146086,,,,
2007,919.3,,,,-0.209318184,,,,
2007,921.1,,,,-0.500832776,,,,
2007,900.7,,,,-2.25057887,,,,
2006,929.5,,,,3.523870998,,,,
2006,929.8,,,,3.196795138,,,,
2016,1199.1,,,,,,,,8.716881090
2016,1236.7,,,,,,,,8.566108586
2016,1169.1,,,,,,,,7.21347755
2016,1191.7,,,,,,,,6.894709368
2016,1151.8,,,,,,,,6.632881278
2016,1143.5,,,,,,,,6.5462889
2016,1207.7,,,,,,,,6.203605342
2016,1139.3,,,,,,,,6.048689042
2016,1120.2,,,,,,,,5.989062448
2016,1144.5,,,,,,,,5.540334678
2016,1114.8,,,,,,,,5.224397316
2016,1101.3,,,,,,,,5.175142656
2015,1172.5,,,,,,,,6.772016978
2015,1185.3,,,,,,,,6.480268908
2015,1182.5,,,,,,,,5.75216163
2015,1158.1,,,,,,,,5.680283628
2015,1140.1,,,,,,,,4.931432482
2015,1170,,,,,,,,2.783791878
2015,1115.5,,,,,,,,2.240608594
2015,1108.2,,,,,,,,0.445128740
2015,1072.4,,,,,,,,0.238147902
2014,1099.3,,,,,,,,2.920820018
2014,1068.5,,,,,,,,2.39881128
2014,1107.9,,,,,,,,2.27255009
2014,1064.7,,,,,,,,1.155197318
2014,1067.5,,,,,,,,1.127069098
2014,1011.8,,,,,,,,0.276263208
2014,1033.2,,,,,,,,0.274670094
2014,1020.1,,,,,,,,0.200295738
2014,1027.9,,,,,,,,-0.403477930
2014,1055.2,,,,,,,,-0.428651954
2014,1014,,,,,,,,-1.189570582
2013,1123.5,,,,,,,,1.395685602
2013,1142,,,,,,,,1.075926466
2013,1110,,,,,,,,0.558444096
2013,1101,,,,,,,,-0.602022912
2013,1055.4,,,,,,,,-0.752979342
2013,1129.7,,,,,,,,-1.301851430
2013,1058.2,,,,,,,,-1.499150208
2013,1074.7,,,,,,,,-1.553307586
2013,1089,,,,,,,,-1.696566140
2013,1083,,,,,,,,-1.73845739
2013,1111,,,,,,,,-2.101297376
2013,1060.7,,,,,,,,-2.299026832
2012,1130,,,,,,,,4.034574550
2012,1145,,,,,,,,3.88182636
2012,1123,,,,,,,,3.308963626
2012,1180,,,,,,,,3.226849510
2012,1134,,,,,,,,1.403166166
2012,1082.9,,,,,,,,0.962642220
2012,1130,,,,,,,,0.555013392
2012,1118,,,,,,,,0.470089398
2012,1090.7,,,,,,,,0.214242694
2012,1133,,,,,,,,-0.040412134
2012,1111.4,,,,,,,,-0.068937646
2012,1070.6,,,,,,,,-1.086420016
2011,1178.1,,,,,,,,4.54022147
2011,1110,,,,,,,,4.056583288
2011,1151,,,,,,,,3.711725398
2011,1143,,,,,,,,3.62379288
2011,1066.8,,,,,,,,1.955387466
2011,1067.7,,,,,,,,-4.236397936
2011,1096.7,,,,,,,,-4.515744058
2011,1128.7,,,,,,,,-5.520803538
2011,1054.5,,,,,,,,-5.744327844
2011,1079.2,,,,,,,,-6.031194138
2011,1071.5,,,,,,,,-7.021990862
2010,1160,,,,,,,,2.197069296
2010,1202.5,,,,,,,,1.34889558
2010,1131.3,,,,,,,,0.713780300
2010,1222.2,,,,,,,,0.144917044
2010,1161.8,,,,,,,,-0.207674384
2010,1108.4,,,,,,,,-0.725238246
2010,1182.7,,,,,,,,-0.946235088
2010,1198.1,,,,,,,,-1.831972332
2010,1140.2,,,,,,,,-3.08715405
2010,1125.3,,,,,,,,-4.75789678
2010,1159.7,,,,,,,,-5.243558754
2010,1134.8,,,,,,,,-6.8114435
2009,1534,,,,,,,,11.41388835
2009,1383.5,,,,,,,,11.19618017
2009,1379.5,,,,,,,,11.193445562
2009,1282,,,,,,,,6.600907460
2009,1273.9,,,,,,,,5.050655624
2009,1255,,,,,,,,4.7175913
2009,1228.5,,,,,,,,3.711637078
2009,1162.8,,,,,,,,2.088926022
2009,1248.9,,,,,,,,0.929579566
2009,1182.5,,,,,,,,0.596406586
2009,1164.5,,,,,,,,0.590889264
2009,1178.1,,,,,,,,-0.433170430
2008,1469,,,,,,,,14.57845727
2008,1259.5,,,,,,,,12.84252874
2008,1291,,,,,,,,11.84671442
2008,1207,,,,,,,,5.752393056
2008,1089,,,,,,,,3.050582630
2008,1012.2,,,,,,,,1.93980096
2008,990.4,,,,,,,,-3.323202010
2008,1046,,,,,,,,-3.330529758
2008,939,,,,,,,,-4.994116222
2008,1002.6,,,,,,,,-5.396254892
2008,943.9,,,,,,,,-6.375833046
2008,1030.1,,,,,,,,-6.471373450
2007,941,,,,,,,,-0.244838950
2007,940.9,,,,,,,,-0.969663788
2007,941.8,,,,,,,,-1.252386286
2007,930.8,,,,,,,,-2.932591488
2007,927.7,,,,,,,,-5.407183156
2007,923.8,,,,,,,,-8.832122872
2007,938.3,,,,,,,,-9.968686948
2007,936.1,,,,,,,,-11.119396626
2007,915.1,,,,,,,,-11.287973522
2007,921.1,,,,,,,,-11.846847416
2007,919.3,,,,,,,,-12.610897944
2007,900.7,,,,,,,,-14.16330317
2006,929.8,,,,,,,,-2.246110042
2006,929.5,,,,,,,,-3.469178782
